tablet	excavationNumbers
P000001	W 06435,a
P000002	W 06435,b
P000003	W 09123,d
P000004	W 09169,d
P000005	W 09206,k
P000006	W 09656,h1
P000007	W 09656,x
P000008	W 11985,e
P000009	W 11985,f
P000010	W 11985,g
P000011	W 11986,a
P000012	W 11986,c
P000013	W 11988,d
P000014	W 12139
P000015	W 12256,i + W 12256,k + W 12256,l + W 12256,o
P000019	W 13662,c1
P000020	W 13662,v1
P000021	W 13948
P000022	W 13982
P000023	W 14264
P000024	W 14335,c
P000025	W 14337,a + W 14337,b + W 14337,c + W 14337,d + W 14337,e
P000030	W 14497
P000031	W 14551,a + W 14551,b ?
P000033	W 14638
P000034	W 14731,x
P000035	W 14777,b
P000036	W 15085
P000037	W 15772,l
P000038	W 15773,c
P000039	W 15773,q
P000040	W 15773,t
P000041	W 15774,q
P000042	W 15774,w
P000043	W 15775,f + W 15775,ae
P000045	W 15775,af
P000046	W 15825,a7
P000047	W 15825,a8
P000048	W 15833,a07 + W 15833,08
P000050	W 15863,d
P000051	W 15892,a + W 15892,b
P000053	W 15892,c
P000054	W 15895,a
P000055	W 15895,b
P000056	W 15895,c
P000057	W 15895,d + W 15895,v
P000058	W 15895,e + W 15895,f
P000060	W 15895,g
P000061	W 15895,h
P000062	W 15895,i
P000063	W 15895,k
P000064	W 15895,l +
P000065	W 15895,m
P000066	W 15895,n
P000067	W 15895,o
P000068	W 15895,p + W 15895,aq
P000069	W 15895,q
P000070	W 15895,r
P000071	W 15895,s
P000072	W 15895,t
P000073	W 15895,u
P000075	W 15895,w
P000076	W 15895,y
P000077	W 15895,aa
P000078	W 15895,ab
P000079	W 15895,ac
P000080	W 15895,ad
P000081	W 15895,ae
P000082	W 15895,ah
P000083	W 15895,ai
P000084	W 15895,ak
P000085	W 15895,am
P000086	W 15895,an
P000087	W 15895,ao
P000088	W 15895,ap
P000090	W 15895,ar
P000091	W 15895,as
P000092	W 15895,at
P000093	W 15895,au
P000094	W 15895,av
P000095	W 15895,aw
P000096	W 15895,ax
P000097	W 15895,ay
P000098	W 15895,az + W 15895,br
P000099	W 15895,ba
P000100	W 15895,bb
P000101	W 15895,bc
P000102	W 15895,bd
P000103	W 15895,be
P000104	W 15895,bf
P000105	W 15895,bi
P000106	W 15895,bk
P000107	W 15895,bm
P000108	W 15895,bn
P000109	W 15895,bo
P000110	W 15895,bp
P000111	W 15895,bq
P000113	W 15895,bs
P000114	W 15895,bt
P000115	W 15895,bu
P000116	W 15895,bv + ?
P000117	W 15895,bw
P000118	W 15897,a04 + c28
P000120	W 15919,c
P000121	W 15920,a4
P000122	W 15920,b6
P000123	W 15957,a
P000124	W 15957,c
P000125	W 15957,e
P000126	W 15957,f
P000127	W 15958,b
P000128	W 15958,c
P000129	W 15958,d + W 15958,e
P000131	W 16621,a
P000132	W 16728,1
P000133	W 16728,2
P000134	W 16728,3
P000135	W 16728,4
P000136	W 16728,5
P000137	W 16728,6
P000138	W 16728,7
P000139	W 16728,8
P000140	W 16728,9
P000141	W 16728,10
P000142	W 16918,a
P000143	W 16918,b
P000144	W 16918,c
P000145	W 16918,d
P000146	W 16918,e
P000147	W 16918,f
P000148	W 16918,g
P000149	W 16918,h
P000150	W 16918,i
P000151	W 16918,k
P000152	W 16918,l
P000153	W 17859,a
P000154	W 17902,a
P000155	W 17902,b
P000156	W 17902,d
P000157	W 17902,f
P000158	W 17902,h
P000159	W 17902,i
P000160	W 17902,m
P000161	W 17942
P000162	W 17950,f
P000163	W 17950,g
P000164	W 19296
P000165	W 19362,a
P000166	W 19412,08
P000167	W 19548,a + W 19548,b
P000169	W 19640,a
P000170	W 19666,f
P000171	W 19667,e
P000172	W 19668,c
P000173	W 19724
P000174	W 19726,b
P000175	W 19726,c
P000176	W 19771,b
P000177	W 19771,c
P000178	W 19771,d
P000179	W 19771,e
P000180	W 19771,f
P000181	W 19771,g +W 19771,l
P000182	W 19771,h
P000183	W 19771,i
P000184	W 19771,j + W 19771,k
P000187	W 19771,m + W 19772,j
P000188	W 19771,n
P000189	W 19771,o
P000190	W 19771,p
P000191	W 19772,c
P000193	W 19780
P000194	W 19785,b
P000195	W 19948,08
P000196	W 19948,09
P000197	W 19948,10
P000198	W 19948,20
P000199	W 19948,22
P000200	W 19948,23
P000201	W 19948,24 + W 19948,36
P000202	W 19948,29
P000203	W 19948,30a
P000204	W 19948,30b
P000205	W 19948,32
P000206	W 19948,33
P000207	W 19948,34
P000208	W 19948,35
P000210	W 19948,39
P000211	W 19948,40
P000212	W 19948,41
P000213	W 19948,42
P000214	W 19948,43a
P000215	W 19948,43b
P000216	W 19948,44
P000217	W 19948,45
P000218	W 19948,46
P000219	W 19948,47
P000220	W 19948,48
P000221	W 19948,49
P000222	W 19948,50
P000223	W 19948,57
P000224	W 19948,68
P000225	W 20044,45
P000226	W 20044,46 + W 20044,55
P000227	W 20044,47
P000229	W 20213,4a
P000230	W 20213,4b
P000231	W 20213,4c
P000232	W 20213,4d
P000233	W 20234
P000234	W 20235,1
P000235	W 20235,2
P000236	W 20246,4
P000237	W 20247,1 + W 20247,2 + W 20247,3
P000240	W 20258,1 + W 20258,3
P000241	W 20258,2
P000243	W 20258,4
P000244	W 20258,5
P000245	W 20258,6
P000246	W 20258,7
P000247	W 20266,001
P000248	W 20266,002
P000249	W 20266,003
P000250	W 20266,004
P000251	W 20266,005
P000252	W 20266,006
P000253	W 20266,007
P000254	W 20266,008
P000255	W 20266,009
P000256	W 20266,010
P000257	W 20266,011
P000258	W 20266,012
P000259	W 20266,013
P000260	W 20266,014
P000261	W 20266,015
P000262	W 20266,016
P000263	W 20266,017
P000264	W 20266,018
P000265	W 20266,019
P000266	W 20266,020
P000267	W 20266,021
P000268	W 20266,022
P000269	W 20266,023
P000270	W 20266,024
P000271	W 20266,025
P000272	W 20266,026
P000273	W 20266,027
P000274	W 20266,028
P000275	W 20266,029
P000276	W 20266,030
P000277	W 20266,031
P000278	W 20266,032
P000279	W 20266,033
P000280	W 20266,034
P000281	W 20266,035
P000282	W 20266,036
P000283	W 20266,037
P000284	W 20266,038
P000285	W 20266,039
P000286	W 20266,040
P000287	W 20266,041
P000288	W 20266,042
P000289	W 20266,043
P000290	W 20266,044
P000291	W 20266,045
P000292	W 20266,046
P000293	W 20266,047
P000294	W 20266,048
P000295	W 20266,049
P000296	W 20266,050
P000297	W 20266,051
P000298	W 20266,052
P000299	W 20266,053
P000300	W 20266,054
P000301	W 20266,055
P000302	W 20266,056
P000303	W 20266,057
P000304	W 20266,058
P000305	W 20266,059
P000306	W 20266,060 + W 20266,061
P000308	W 20266,062
P000309	W 20266,063
P000310	W 20266,064
P000311	W 20266,065
P000312	W 20266,066
P000313	W 20266,067
P000314	W 20266,068
P000315	W 20266,069
P000316	W 20266,070
P000317	W 20266,071
P000318	W 20266,072
P000319	W 20266,073
P000320	W 20266,074
P000321	W 20266,075
P000322	W 20266,076
P000323	W 20266,077
P000324	W 20266,078
P000325	W 20266,079
P000326	W 20266,080
P000327	W 20266,081
P000328	W 20266,082
P000329	W 20266,083
P000330	W 20266,084
P000331	W 20266,085
P000332	W 20266,086
P000333	W 20266,087
P000334	W 20266,088
P000335	W 20266,089
P000336	W 20266,090
P000337	W 20266,091
P000338	W 20266,092
P000339	W 20266,093
P000340	W 20266,094
P000341	W 20266,095
P000342	W 20266,096
P000343	W 20266,097
P000344	W 20266,098
P000345	W 20266,099
P000346	W 20266,100
P000347	W 20266,101
P000348	W 20266,102
P000349	W 20266,104
P000350	W 20266,105
P000351	W 20266,106
P000352	W 20266,107
P000353	W 20266,108
P000354	W 20266,109
P000355	W 20266,110
P000356	W 20266,111
P000357	W 20266,112
P000358	W 20266,113
P000359	W 20266,114
P000360	W 20266,115
P000361	W 20266,116
P000362	W 20266,117
P000363	W 20266,118
P000364	W 20266,119
P000365	W 20266,120
P000366	W 20266,121
P000367	W 20266,122
P000368	W 20266,123
P000369	W 20266,124
P000370	W 20266,125
P000371	W 20266,126
P000372	W 20266,127
P000373	W 20266,128
P000374	W 20266,129
P000375	W 20266,130
P000376	W 20266,131
P000377	W 20266,132
P000378	W 20266,133
P000379	W 20266,134
P000380	W 20266,135
P000381	W 20266,136
P000382	W 20266,137
P000383	W 20266,138
P000384	W 20266,139
P000385	W 20266,140
P000386	W 20266,141
P000387	W 20266,142
P000388	W 20266,143
P000389	W 20266,144
P000390	W 20266,145
P000391	W 20266,146
P000392	W 20266,147
P000393	W 20266,148
P000394	W 20266,149
P000395	W 20266,150
P000396	W 20266,151
P000397	W 20266,152
P000398	W 20266,153
P000399	W 20266,154
P000400	W 20266,155
P000401	W 20266,156
P000402	W 20266,157
P000403	W 20266,158
P000404	W 20266,159
P000405	W 20266,160
P000406	W 20266,161
P000407	W 20266,162
P000408	W 20266,163
P000409	W 20266,164
P000410	W 20266,168
P000411	W 20266,169
P000412	W 20266,171
P000413	W 20266,172
P000414	W 20266,173
P000415	W 20266,174
P000416	W 20266,175
P000417	W 20266,176
P000418	W 20266,177
P000419	W 20266,178
P000420	W 20266,179
P000421	W 20266,180
P000422	W 20266,181
P000423	W 20266,182
P000424	W 20266,183
P000425	W 20266,184
P000426	W 20266,185
P000427	W 20266,186
P000428	W 20266,187
P000429	W 20266,188
P000430	W 20274,154
P000431	W 20327,02
P000432	W 20335,1
P000433	W 20335,2 + W 20335,4 + W 20335,7 + W 20335,9
P000434	W 20335,3
P000437	W 20335,8
P000439	W 20363
P000440	W 20366,1
P000441	W 20366,2 + W 20366,5
P000442	W 20366,3
P000443	W 20366,4
P000445	W 20371
P000446	W 20389,1 + W 20389,2
P000448	W 20421,1
P000449	W 20421,2
P000450	W 20422,1
P000451	W 20493,21 + W 20493,22
P000453	W 20493,26
P000454	W 20494,14
P000455	W 20495
P000456	W 20497
P000457	W 20511,13
P000458	W 20514,4
P000459	W 20514,7
P000460	W 20515
P000461	W 20517,2a + W 20517,2b
P000463	W 20517,3
P000464	W 20517,4
P000465	W 20521,1
P000466	W 20521,3
P000467	W 20524
P000468	W 20525
P000469	W 20526
P000470	W 20552,5
P000471	W 20564
P000472	W 20567
P000473	W 20569
P000474	W 20572,1
P000475	W 20572,4
P000476	W 20572,5
P000477	W 20593,07
P000478	W 20593,08
P000479	W 20593,17b
P000480	W 20595,3
P000481	W 20708
P000482	W 20711
P000483	W 20713,1
P000484	W 20831,5
P000485	W 20859,1
P000486	W 20859,6
P000487	W 20921
P000488	W 21002,6
P000489	W 21013,6
P000490	W 21015,1
P000491	W 21017
P000492	W 21019,5
P000493	W 21060,05 + W 21060,06 ?
P000495	W 21060,16
P000496	W 21075,3
P000497	W 21094
P000498	W 21095
P000499	W 21104,2
P000500	W 21108,1a
P000501	W 21108,2
P000502	W 21108,3
P000503	W 21116,4
P000504	W 21118,1 + W 21118,4
P000506	W 21119,4
P000507	W 21121,2
P000508	W 21126
P000509	W 21145,1
P000510	W 21152,2
P000511	W 21158,2
P000512	W 21158,3
P000513	W 21159
P000514	W 21184,3
P000515	W 21184,4
P000516	W 21185
P000517	W 21208,01
P000518	W 21208,02
P000519	W 21208,03 + W 21208,14 + W 21208,43
P000520	W 21208,04
P000521	W 21208,05
P000522	W 21208,06 + W 21208,19
P000523	W 21208,07
P000524	W 21208,08 + W 21208,16
P000525	W 21208,09
P000526	W 21208,10
P000527	W 21208,11
P000528	W 21208,12 + W 21208,15 + W 21208,25
P000529	W 21208,13
P000533	W 21208,17 + W 21208,20 + W 21208,21
P000534	W 21208,18
P000538	W 21208,22
P000539	W 21208,23
P000540	W 21208,24
P000542	W 21208,26
P000543	W 21208,27
P000544	W 21208,28
P000545	W 21208,29
P000546	W 21208,30
P000547	W 21208,31
P000548	W 21208,32
P000549	W 21208,33
P000550	W 21208,34
P000551	W 21208,35
P000552	W 21208,36
P000553	W 21208,37
P000554	W 21208,38
P000555	W 21208,39
P000556	W 21208,40
P000557	W 21208,41
P000558	W 21208,42
P000560	W 21208,44
P000561	W 21208,45
P000562	W 21208,46
P000563	W 21208,47
P000564	W 21208,48
P000565	W 21208,49
P000566	W 21208,50
P000567	W 21208,51
P000568	W 21208,52
P000569	W 21208,53
P000570	W 21208,54
P000571	W 21208,55
P000572	W 21209,1 + W 21209,6
P000573	W 21209,5
P000575	W 21225,1
P000576	W 21225,2
P000577	W 21229
P000578	W 21240,2
P000579	W 21252,1
P000580	W 21253,08
P000581	W 21255
P000582	W 21280
P000583	W 21311,3
P000584	W 21311,4
P000585	W 21355,1
P000586	W 21375,1
P000587	W 21392
P000588	W 21395
P000589	W 21418,01
P000590	W 21418,05
P000591	W 21418,07 + W 21418,12
P000593	W 21451
P000594	W 21473
P000595	W 21535 + W 21536
P000597	W 21552
P000598	W 21681
P000599	W 21697
P000600	W 21723
P000601	W 21735,3
P000602	W 21735,4
P000603	W 21741
P000604	W 21745
P000605	W 21759
P000606	W 21761,a + W 21761,b
P000608	W 21916,1
P000609	W 21916,2
P000610	W 21924,1
P000611	W 21924,2
P000614	W 22090,2 + W 22090,3 + W 22090,5 + W 22090,9
P000615	W 22090,8
P000617	W 22091,3
P000618	W 22101,7 + W 22101,9a
P000620	W 22101,9b
P000621	W 22104,0
P000622	W 22115,0
P000623	W 22116,2
P000624	W 22117,0
P000625	W 22118,6
P000626	W 22118,7
P000627	W 22119,4
P000628	W 22119,5
P000629	W 22135,4
P000630	W 22135,5
P000631	W 22136
P000632	W 23610
P000633	W 23973,02
P000634	W 23973,06a
P000635	W 23973,06b
P000636	W 23973,07c
P000637	W 23983,e
P000638	W 23984
P000639	W 23986,a
P000640	W 23989
P000641	W 23997,2
P000642	W 23997,4a
P000643	W 23998,1
P000644	W 23999,4c
P000645	W 24004,01
P000646	W 24004,02a
P000647	W 24004,03a
P000648	W 24004,04b
P000649	W 24004,09
P000650	W 24004,14a
P000651	W 24004,14c
P000652	W 24006,06
P000653	W 24006,06c
P000654	W 24006,12
P000655	W 24007,2
P000656	W 24007,7
P000657	W 24008,9
P000658	W 24008,10
P000659	W 24008,11
P000660	W 24008,13
P000661	W 24008,16
P000662	W 24008,18
P000663	W 24008,23
P000664	W 24011,5
P000665	W 24012,02
P000666	W 24012,03
P000667	W 24012,07
P000668	W 24012,12
P000669	W 24013,05
P000670	W 24013,07
P000671	W 24013,11a
P000672	W 24013,14
P000673	W 24013,17
P000674	W 24013,18
P000675	W 24015,1
P000676	W 24015,2
P000677	W 24016,1
P000678	W 24016,2
P000679	W 24016,3
P000680	W 24016,4
P000681	W 24016,5
P000682	W 24016,6
P000683	W 24018,5
P000684	W 24018,6
P000685	W 24021,12
P000686	W 24021,17
P000687	W 24028,2
P000688	W 24033,08
P000689	W 24157
P000690	W 24158
P000691	W 24194
P000692	W 24201,b
P000693	W 24205
P000694	W 24206
P000695	W 24209
P000696	W 24214,2
P000697	W 24217,b
P000698	W 24219,1
P000699	W 24219,2
P000700	W 24222
P000701	W 24234
P000702	W 24243,1
P000703	W — ?
P000704	W — ?
P000705	W — HD 05
P000706	W — HD 06
P000707	W — HD 07
P000708	W — HD 08
P000709	W — HD 09
P000710	W — HD 10
P000711	W — HD 11
P000712	W — HD 12
P000713	Ashm 1928-445b
P000730	W 01872,1
P000731	W 01872,2
P000732	W 02134
P000733	W 02352
P000734	W 05233,a
P000735	W 05233,b
P000736	W 05233,c
P000737	W 05233,e
P000738	W 05233,f
P000739	W 05233,g
P000740	W 05353
P000741	W 05372
P000742	W 06066,a
P000743	W 06066,b
P000744	W 06108
P000745	W 06110
P000746	W 06111,a
P000747	W 06115
P000748	W 06150
P000749	W 06216,a
P000750	W 06216,b
P000751	W 06245,a
P000752	W 06245,b
P000756	W 06245,e
P000757	W 06252
P000758	W 06284
P000759	W 06288
P000760	W 06372
P000761	W 06375,a
P000762	W 06375,b
P000763	W 06375,c
P000764	W 06375,d
P000765	W 06375,e
P000766	W 06375,f + W 06572,a
P000767	W 06375,g
P000768	W 06426,a
P000769	W 06426,b
P000770	W 06502,a
P000771	W 06502,b
P000772	W 06502,c
P000773	W 06502,d
P000775	W 06502,f
P000776	W 06502,g
P000778	W 06572,b
P000779	W 06572,c
P000780	W 06572,d
P000781	W 06572,e
P000782	W 06572,f
P000783	W 06573,a
P000784	W 06573,b
P000785	W 06573,c
P000786	W 06584
P000787	W 06601
P000788	W 06604
P000789	W 06611
P000790	W 06612,a
P000791	W 06612,b
P000792	W 06612,c
P000802	W 06616
P000804	W 06705,a
P000805	W 06705,b
P000806	W 06705,c
P000807	W 06705,d
P000808	W 06705,e
P000809	W 06705,f
P000810	W 06705,g
P000811	W 06705,h
P000812	W 06708
P000813	W 06710,a
P000814	W 06710,b
P000815	W 06710,c
P000816	W 06710,d
P000817	W 06710,e
P000818	W 06711
P000819	W 06737
P000820	W 06738,a
P000821	W 06738,b
P000822	W 06738,c
P000823	W 06738,d
P000824	W 06738,e
P000825	W 06738,f
P000826	W 06738,g
P000827	W 06738,h
P000828	W 06741
P000829	W 06746
P000830	W 06748,a
P000831	W 06748,b
P000834	W 06756,c
P000835	W 06759
P000836	W 06760,a
P000837	W 06760,b
P000838	W 06760,c
P000839	W 06760,d
P000840	W 06760,e
P000841	W 06760,f
P000844	W 06786,d
P000846	W 06820
P000849	W 06855
P000850	W 06860
P000853	W 06881,c + W 06881,f
P000854	W 06881,d
P000855	W 06881,e
P000857	W 06881,g
P000858	W 06881,h1
P000859	W 06881,h2
P000860	W 06881,i
P000861	W 06881,j
P000862	W 06881,k
P000863	W 06881,l
P000864	W 06881,m
P000865	W 06881,n
P000866	W 06881,o1
P000867	W 06881,o2 + W 06881,ab
P000881	W 06882,a
P000882	W 06882,b1
P000883	W 06882,b2
P000884	W 06882,c
P000885	W 06882,d
P000886	W 06882,e + W 06882,k
P000887	W 06882,f
P000888	W 06882,g
P000890	W 06882,i
P000892	W 06882,l
P000893	W 06882,x1
P000894	W 06882,x2
P000895	W 06882,x3
P000896	W 06882,x4
P000897	W 06882,x5
P000898	W 06882,x6
P000900	W 06883,b
P000903	W 06883,h
P000907	W 06883,n
P000908	W 06883,o1
P000909	W 06883,o2
P000910	W 06883,r
P000911	W 06883,s
P000912	W 06883,t1
P000914	W 06883,v
P000915	W 06883,y
P000916	W 06883,aa
P000917	W 06883,ab
P000919	W 06884
P000920	W 06940,a
P000921	W 06940,b
P000922	W 06940,c
P000924	W 06966,b
P000925	W 06984,a
P000926	W 06984,b
P000927	W 07000
P000928	W 07024
P000931	W 07067,b
P000933	W 07067,d
P000934	W 07067,e
P000936	W 07067,h
P000937	W 07067,i
P000938	W 07068,a
P000939	W 07068,b
P000943	W 07092,e
P000945	W 07092,g
P000947	W 07092,i
P000950	W 07092,l2
P000953	W 07092,p
P000955	W 07204,b
P000958	W 07227,a
P000959	W 07227,b
P000960	W 07227,c
P000961	W 07227,d
P000962	W 07227,e
P000963	W 07227,f
P000964	W 07227,g
P000965	W 07227,h
P000966	W 07227,i
P000967	W 07227,k
P000968	W 07227,l
P000969	W 07227,m
P000977	W 07272,h
P000978	W 07272,i
P000981	W 07298
P000982	W 07329,a
P000983	W 07329,b + W 07329,c
P000985	W 07343,1
P000986	W 07343,2
P000988	W 07406
P000989	W 07717
P000990	W 07880
P000991	W 07881
P000993	W 07883
P000995	W 08063
P000996	W 08273
P000997	W 08274
P000998	W 08405
P000999	W 08406
P001000	W 08618
P001001	W 08751
P001002	W 09070
P001003	W 09071,a
P001004	W 09071,b
P001005	W 09071,c
P001006	W 09071,d1
P001007	W 09071,d2
P001008	W 09071,e
P001009	W 09071,f
P001010	W 09071,g
P001011	W 09071,h
P001018	W 09071,p
P001019	W 09071,q
P001020	W 09071,r
P001021	W 09123,a1
P001022	W 09123,a2
P001023	W 09123,b
P001024	W 09123,c
P001025	W 09123,e
P001026	W 09123,f + W 09312,p
P001028	W 09123,h
P001029	W 09123,i
P001030	W 09123,k
P001031	W 09123,l
P001032	W 09123,m
P001033	W 09123,n + W 09312,v
P001034	W 09123,o1
P001035	W 09123,o2
P001036	W 09123,p
P001037	W 09123,q
P001040	W 09123,t
P001041	W 09123,u1
P001042	W 09123,u2
P001043	W 09123,v
P001044	W 09123,w
P001045	W 09123,x
P001046	W 09123,y
P001047	W 09123,z
P001050	W 09123,ac
P001051	W 09123,ad
P001052	W 09123,ae
P001053	W 09123,af
P001054	W 09123,ag
P001055	W 09123,?
P001056	W 09168,a
P001057	W 09168,b
P001058	W 09168,c
P001059	W 09168,d
P001060	W 09168,e
P001061	W 09168,f
P001062	W 09168,g
P001063	W 09168,h + W 09168,n + ?
P001064	W 09168,i
P001065	W 09168,j
P001066	W 09168,k
P001067	W 09168,l
P001071	W 09168,p
P001072	W 09168,q
P001073	W 09168,r
P001075	W 09168,t
P001076	W 09168,u
P001077	W 09168,v
P001078	W 09169,a
P001079	W 09169,b
P001080	W 09169,c
P001081	W 09169,e
P001082	W 09169,f
P001083	W 09169,g
P001084	W 09169,h
P001085	W 09169,i
P001087	W 09169,l
P001088	W 09169,m + W 09335,k
P001089	W 09169,n
P001090	W 09169,o
P001091	W 09169,p + W 09169,s
P001092	W 09169,q
P001093	W 09169,r
P001095	W 09169,t
P001096	W 09169,u
P001097	W 09169,v
P001098	W 09169,w
P001100	W 09169,y
P001102	W 09169,aa
P001103	W 09169,ab
P001104	W 09169,ac1
P001105	W 09169,ac2
P001106	W 09169,ad
P001107	W 09169,ae
P001109	W 09169,ag
P001110	W 09169,ah
P001111	W 09169,ai
P001112	W 09169,ak
P001113	W 09169,al
P001114	W 09169,am
P001116	W 09169,ao
P001117	W 09169,ap
P001120	W 09169,as
P001121	W 09169,at
P001122	W 09169,au
P001123	W 09169,av
P001125	W 09169,ax
P001126	W 09169,ay
P001127	W 09169,az
P001128	W 09169,cf?
P001129	W 09169,ha?
P001130	W 09169,?1
P001131	W 09169,?2
P001132	W 09169,?3
P001133	W 09206,a1
P001134	W 09206,a2
P001135	W 09206,b
P001136	W 09206,c
P001137	W 09206,d
P001138	W 09206,e
P001139	W 09206,f
P001140	W 09206,g
P001141	W 09206,h
P001143	W 09206,l
P001144	W 09206,m
P001147	W 09206,p
P001148	W 09206,q
P001149	W 09206,r
P001150	W 09206,s
P001151	W 09206,t
P001152	W 09206,?1
P001153	W 09206,?2
P001154	W 09212
P001155	W 09271
P001156	W 09311,a
P001157	W 09311,b
P001158	W 09311,c
P001159	W 09311,d
P001160	W 09311,e
P001161	W 09311,f +
P001162	W 09311,h
P001163	W 09311,i
P001164	W 09311,k
P001165	W 09311,l
P001166	W 09311,m
P001167	W 09311,n
P001168	W 09311,o
P001169	W 09311,p
P001170	W 09311,q
P001171	W 09311,r
P001172	W 09311,t
P001173	W 09311,u
P001174	W 09311,w
P001175	W 09311,x
P001176	W 09312,a
P001177	W 09312,b
P001178	W 09312,c
P001179	W 09312,d
P001180	W 09312,e
P001181	W 09312,f
P001182	W 09312,g
P001183	W 09312,h
P001184	W 09312,i
P001185	W 09312,k
P001186	W 09312,l
P001187	W 09312,m
P001188	W 09312,n1
P001189	W 09312,n2 + W 09312,r
P001190	W 09312,o
P001194	W 09312,s
P001195	W 09312,t
P001199	W 09312,x
P001200	W 09312,y
P001201	W 09312,z
P001202	W 09312,aa
P001203	W 09335,a
P001204	W 09335,b
P001205	W 09335,c
P001206	W 09335,d
P001207	W 09335,e
P001208	W 09335,f
P001209	W 09335,g
P001210	W 09335,h1
P001211	W 09335,h2
P001212	W 09335,i
P001214	W 09335,l
P001215	W 09335,m
P001217	W 09335,o
P001218	W 09335,p
P001219	W 09335,q
P001220	W 09335,r
P001221	W 09335,s
P001222	W 09335,t
P001223	W 09335,u
P001224	W 09335,v
P001226	W 09393,a
P001227	W 09393,b
P001228	W 09393,c
P001229	W 09393,d
P001230	W 09393,e
P001231	W 09393,f
P001232	W 09492
P001233	W 09578,a
P001234	W 09578,b
P001235	W 09578,c
P001236	W 09578,d
P001237	W 09578,e
P001238	W 09578,f
P001239	W 09578,g
P001240	W 09578,h
P001241	W 09578,i
P001242	W 09578,k
P001243	W 09578,l
P001244	W 09578,m
P001245	W 09578,n
P001246	W 09578,o
P001247	W 09578,p
P001248	W 09578,q
P001249	W 09579,a
P001250	W 09579,b
P001251	W 09579,c
P001252	W 09579,d
P001253	W 09579,e
P001254	W 09579,f
P001255	W 09579,g
P001256	W 09579,h
P001257	W 09579,i
P001258	W 09579,k
P001259	W 09579,l
P001260	W 09579,m
P001261	W 09579,n
P001262	W 09579,o
P001263	W 09579,p
P001264	W 09579,q
P001265	W 09579,r
P001266	W 09579,s
P001267	W 09579,t
P001268	W 09579,u
P001269	W 09579,v
P001270	W 09579,w
P001271	W 09579,x
P001272	W 09579,y
P001273	W 09579,z
P001274	W 09579,aa
P001275	W 09579,ab
P001276	W 09579,ac
P001277	W 09579,ad
P001278	W 09579,ae
P001279	W 09579,af
P001280	W 09579,ag
P001281	W 09579,ah
P001282	W 09579,ai
P001283	W 09579,ak
P001284	W 09579,al
P001285	W 09579,am
P001286	W 09579,an
P001287	W 09579,ao
P001288	W 09579,ap
P001289	W 09579,aq
P001290	W 09579,ar
P001291	W 09579,as
P001292	W 09579,at
P001293	W 09579,au
P001294	W 09579,av
P001295	W 09579,aw
P001296	W 09579,ax
P001297	W 09579,ay
P001298	W 09579,az
P001299	W 09579,ba
P001300	W 09579,bb
P001301	W 09579,bc
P001302	W 09579,bd
P001303	W 09579,be
P001304	W 09579,bf
P001305	W 09579,bg
P001306	W 09579,bh
P001307	W 09579,bi
P001308	W 09579,bk
P001309	W 09579,bl
P001310	W 09579,bm
P001313	W 09579,bq
P001314	W 09579,br
P001315	W 09579,bs
P001316	W 09579,bt
P001317	W 09579,bu
P001318	W 09579,bv
P001319	W 09579,bw
P001320	W 09579,bx
P001321	W 09579,by1
P001322	W 09579,by2
P001323	W 09579,bz
P001324	W 09579,ca
P001325	W 09579,cb
P001326	W 09579,cc
P001327	W 09579,cd
P001328	W 09579,ce
P001329	W 09579,cf
P001330	W 09579,cg
P001331	W 09579,ch
P001332	W 09579,ci
P001333	W 09579,ck
P001334	W 09579,cl
P001335	W 09579,cm
P001336	W 09579,cn
P001337	W 09579,co
P001338	W 09579,cp
P001339	W 09579,cq
P001340	W 09579,cr
P001341	W 09579,cs
P001342	W 09579,ct
P001343	W 09579,cu
P001344	W 09579,cv
P001345	W 09579,cw
P001346	W 09579,cx
P001347	W 09579,cy
P001348	W 09579,cz
P001349	W 09579,da
P001350	W 09579,db
P001351	W 09579,dc
P001352	W 09579,dd
P001353	W 09579,de
P001354	W 09579,df
P001355	W 09579,dg
P001356	W 09579,dh
P001357	W 09579,di
P001358	W 09579,dk
P001359	W 09579,dl
P001360	W 09579,dm
P001361	W 09579,dn
P001362	W 09579,do
P001363	W 09579,dp
P001364	W 09579,dq
P001365	W 09579,dr
P001366	W 09579,ds
P001367	W 09579,dt
P001368	W 09579,du
P001369	W 09579,dv
P001370	W 09579,dw
P001371	W 09579,dx
P001372	W 09579,dy
P001373	W 09579,dz
P001374	W 09655,a
P001375	W 09655,b
P001376	W 09655,c
P001377	W 09655,d + W 09655,dh
P001378	W 09655,e
P001379	W 09655,f
P001380	W 09655,g
P001381	W 09655,h
P001382	W 09655,i
P001383	W 09655,k
P001384	W 09655,l
P001385	W 09655,m
P001387	W 09655,o
P001388	W 09655,p
P001389	W 09655,q
P001390	W 09655,r
P001391	W 09655,s
P001392	W 09655,t
P001393	W 09655,u
P001394	W 09655,v
P001395	W 09655,w
P001396	W 09655,x
P001397	W 09655,y
P001398	W 09655,z
P001399	W 09655,aa
P001400	W 09655,ab
P001401	W 09655,ac
P001402	W 09655,ad
P001403	W 09655,ae
P001405	W 09655,ag
P001406	W 09655,ah
P001407	W 09655,ai
P001408	W 09655,ak
P001409	W 09655,al
P001410	W 09655,am
P001411	W 09655,an
P001412	W 09655,ao
P001413	W 09655,ap
P001414	W 09655,aq
P001415	W 09655,ar
P001416	W 09655,as
P001417	W 09655,cq
P001418	W 09656,a1
P001419	W 09656,a2
P001420	W 09656,b
P001421	W 09656,c
P001422	W 09656,d
P001424	W 09656,f
P001425	W 09656,g
P001426	W 09656,h2
P001427	W 09656,i
P001428	W 09656,k
P001429	W 09656,l
P001431	W 09656,n1
P001432	W 09656,n2
P001433	W 09656,o
P001434	W 09656,p
P001435	W 09656,q
P001436	W 09656,r + W 09656,ry
P001437	W 09656,s
P001438	W 09656,t
P001439	W 09656,v
P001440	W 09656,w
P001442	W 09656,z
P001443	W 09656,aa
P001444	W 09656,ab
P001445	W 09656,ac
P001446	W 09656,ad
P001447	W 09656,ae
P001448	W 09656,af
P001449	W 09656,ag
P001450	W 09656,ah
P001451	W 09656,ai
P001452	W 09656,ak
P001453	W 09656,al
P001454	W 09656,am
P001456	W 09656,ao
P001458	W 09656,aq
P001459	W 09656,ar
P001460	W 09656,as
P001461	W 09656,at
P001462	W 09656,au
P001463	W 09656,av
P001464	W 09656,aw
P001465	W 09656,ax
P001466	W 09656,ay
P001467	W 09656,az
P001468	W 09656,ba
P001469	W 09656,bb
P001471	W 09656,bd
P001472	W 09656,be
P001473	W 09656,bf
P001474	W 09656,bg
P001475	W 09656,bh
P001476	W 09656,bi
P001477	W 09656,bk
P001478	W 09656,bl + W 09656,dx
P001479	W 09656,bm
P001480	W 09656,bn
P001481	W 09656,bo
P001482	W 09656,bp
P001483	W 09656,bq
P001484	W 09656,br
P001485	W 09656,bs
P001486	W 09656,bt
P001487	W 09656,bu
P001488	W 09656,bv
P001489	W 09656,bw
P001490	W 09656,bx
P001491	W 09656,by
P001492	W 09656,bz + W 09656,fl
P001493	W 09656,ca
P001494	W 09656,cb
P001495	W 09656,cc
P001496	W 09656,cd
P001497	W 09656,ce
P001498	W 09656,cf
P001499	W 09656,cg
P001500	W 09656,ch
P001501	W 09656,ci
P001502	W 09656,ck
P001503	W 09656,cl
P001504	W 09656,cm
P001505	W 09656,cn
P001506	W 09656,co
P001507	W 09656,cp1
P001508	W 09656,cp2
P001509	W 09656,cq
P001510	W 09656,cr
P001511	W 09656,cs
P001512	W 09656,ct
P001513	W 09656,cu
P001514	W 09656,cv
P001515	W 09656,cw
P001516	W 09656,cx
P001517	W 09656,cy
P001518	W 09656,cz
P001519	W 09656,da
P001520	W 09656,db
P001521	W 09656,dc
P001522	W 09656,dd
P001523	W 09656,de
P001524	W 09656,df
P001525	W 09656,dg1
P001526	W 09656,dg2
P001528	W 09656,di
P001529	W 09656,dk
P001530	W 09656,dl
P001531	W 09656,dm
P001532	W 09656,dn
P001533	W 09656,do
P001534	W 09656,dp
P001535	W 09656,dq
P001536	W 09656,dr
P001537	W 09656,ds
P001538	W 09656,dt
P001539	W 09656,du
P001541	W 09656,dw
P001543	W 09656,dy
P001544	W 09656,dz
P001550	W 09656,ef
P001551	W 09656,eg
P001552	W 09656,eh
P001553	W 09656,ei
P001554	W 09656,ek
P001555	W 09656,el
P001556	W 09656,em
P001557	W 09656,en1
P001558	W 09656,en2
P001559	W 09656,eo
P001560	W 09656,ep
P001561	W 09656,eq
P001562	W 09656,er
P001563	W 09656,es
P001564	W 09656,et
P001565	W 09656,eu
P001566	W 09656,ev
P001567	W 09656,ew
P001568	W 09656,ex
P001569	W 09656,ey
P001570	W 09656,ez
P001571	W 09656,fa
P001572	W 09656,fb
P001573	W 09656,fc
P001574	W 09656,fd
P001575	W 09656,fe
P001576	W 09656,ff
P001577	W 09656,fg
P001578	W 09656,fh
P001580	W 09656,fk
P001582	W 09656,fm
P001583	W 09656,fn
P001584	W 09656,fo
P001585	W 09656,fp
P001586	W 09656,fq
P001587	W 09656,fr
P001588	W 09656,fs
P001589	W 09656,ft
P001590	W 09656,fu
P001591	W 09656,fv
P001592	W 09656,fw
P001593	W 09656,fx
P001594	W 09656,fy
P001595	W 09656,fz
P001596	W 09656,ga
P001597	W 09656,gb
P001598	W 09656,gc
P001599	W 09656,gd
P001600	W 09656,ge
P001601	W 09656,gf
P001602	W 09656,gg
P001603	W 09656,gh
P001604	W 09656,gi
P001605	W 09656,gk
P001606	W 09656,gl
P001607	W 09656,gm
P001608	W 09656,gn
P001609	W 09656,go
P001610	W 09656,gp
P001611	W 09656,gq
P001612	W 09656,gr
P001613	W 09656,gs
P001614	W 09656,gt
P001615	W 09656,gu
P001617	W 09656,gw
P001618	W 09656,gx
P001619	W 09656,gy
P001620	W 09656,gz
P001621	W 09656,ha1
P001622	W 09656,ha2
P001623	W 09656,hb
P001624	W 09656,hc
P001625	W 09656,hd
P001626	W 09656,he
P001627	W 09656,hf
P001628	W 09656,hg1
P001629	W 09656,hg2
P001630	W 09656,hh
P001631	W 09656,hi
P001632	W 09656,hk
P001633	W 09656,hl
P001635	W 09656,hn1
P001636	W 09656,hn2
P001637	W 09656,ho
P001641	W 09656,hs
P001642	W 09656,ht
P001643	W 09656,hv
P001644	W 09656,hw
P001645	W 09656,hx
P001646	W 09656,hy
P001647	W 09656,hz
P001648	W 09656,ia
P001649	W 09656,ib1
P001650	W 09656,ib2
P001651	W 09656,ic
P001653	W 09656,ie1
P001654	W 09656,ie2
P001655	W 09656,if1
P001656	W 09656,if2
P001657	W 09656,ig
P001658	W 09656,ih
P001659	W 09656,ii
P001660	W 09656,ik
P001661	W 09656,il
P001662	W 09656,im1
P001663	W 09656,im2
P001664	W 09656,in
P001665	W 09656,io
P001666	W 09656,ip
P001667	W 09656,iq
P001668	W 09656,ir
P001669	W 09656,is
P001670	W 09656,it
P001671	W 09656,iu
P001672	W 09656,iv
P001673	W 09656,ix
P001674	W 09656,iy
P001675	W 09656,iz
P001676	W 09656,ka
P001677	W 09656,kb
P001678	W 09656,kc
P001679	W 09656,km
P001680	W 09656,?
P001681	W 09761,a
P001682	W 09761,b
P001683	W 09762
P001684	W 09827
P001685	W 09850
P001686	W 09851
P001687	W 10564
P001688	W 10581
P001689	W — ?
P001691	W — ?
P001692	W 10133,a
P001693	W 10133,b
P001694	W 10133,c
P001695	W 10133,d
P001696	W 10133,e
P001697	W 10133,f
P001698	W 10187,a
P001699	W 10187,b
P001700	W 10187,c + W 16351
P001701	W 10187,d + W 16243
P001702	W 10585
P001703	W 10590,h
P001704	W 10593
P001705	W 10594 + W 10599 + W 10600
P001706	W 10595
P001708	W 10597
P001709	W 10598 + W 10605 + W 10630
P001712	W 10601
P001713	W 10602
P001714	W 10603
P001715	W 10604 + W 10606
P001719	W 10608
P001720	W 10609
P001721	W 10610
P001722	W 10611
P001723	W 10612
P001724	W 10613,a1
P001725	W 10613,a2
P001726	W 10613,b1
P001727	W 10613,b2
P001728	W 10613,c
P001729	W 10613,d1
P001730	W 10613,d2
P001731	W 10613,e1
P001732	W 10613,e2
P001733	W 10613,f
P001734	W 10613,g
P001735	W 10614 + W 10615
P001737	W 10616
P001738	W 10617
P001739	W 10618,a
P001741	W 10619
P001742	W 10620
P001743	W 10621
P001744	W 10622
P001745	W 10623
P001746	W 10624
P001747	W 10625,a + W 10625,b + W 10625,c + W 10625,d + W 10626
P001752	W 10627
P001753	W 10628
P001754	W 10629
P001756	W 10631
P001757	W 10632
P001759	W 10731
P001760	W 10736
P001761	W 10753
P001762	W 10797
P001763	W 10798
P001764	W 10802
P001765	W 10803,a
P001766	W 10803,b + W 10803,c + W 10803,d
P001769	W 10804
P001770	W 10824
P001771	W 10825
P001772	W 10846
P001773	W 10929
P001774	W 10931
P001775	W 10967,a
P001776	W 10967,b
P001777	W 10992
P001778	W 10993
P001779	W 11040
P001780	W 11137
P001781	W 11167,b
P001782	W 11167,c
P001783	W 11167,d
P001784	W 11167,e
P001785	W 11167,f
P001786	W 11167,g
P001787	W 11167,h
P001788	W 11791 + W 11792
P001790	W 11793
P001794	W 11802
P001795	W 11803
P001796	W 11804
P001797	W 11896,a + W 11896,b
P001799	W 11931,a
P001801	W 11931,c
P001802	W 11931,d
P001803	W 11931,e
P001804	W 11982
P001805	W 11983,a + W 11983,b + W 11983,c
P001808	W 11983,d
P001810	W 11984,a
P001811	W 11984,b
P001812	W 11984,c
P001814	W 11984,e
P001816	W 11984,h
P001818	W 11985,a
P001819	W 11985,b
P001820	W 11985,c
P001821	W 11985,d
P001822	W 11986,b
P001823	W 11986,d
P001826	W 11988,c
P001827	W 12011
P001828	W 12013
P001829	W 12015
P001830	W 12016
P001831	W 12017
P001832	W 12119,a + W 12119,b
P001834	W 12120
P001835	W 12121
P001836	W 12122
P001837	W 12123
P001838	W 12124,a + W 12124,b
P001840	W 12124,c
P001841	W 12124,d
P001842	W 12137,a
P001843	W 12137,b
P001844	W 12137,c
P001845	W 12137,d
P001846	W 12137,e
P001849	W 12137,h
P001850	W 12137,?
P001851	W 12138
P001853	W 12197,?
P001855	W 12256,b
P001857	W 12256,d
P001861	W 12256,h
P001862	W 12256,m
P001863	W 12256,n
P001864	W 12256,p
P001866	W 12256,r
P001867	W 12256,s
P001868	W 12256,t
P001869	W 12256,?
P001871	W 13033
P001872	W 13323
P001873	W 13579
P001874	W 13649
P001875	W 13662,a1
P001876	W 13662,a2
P001877	W 13662,s1 + W 13662,a3?
P001878	W 13662,a4
P001879	W 13662,b1
P001880	W 13662,b2
P001881	W 13662,c2
P001882	W 13662,d1
P001883	W 13662,e1
P001884	W 13662,f1
P001885	W 13662,g1
P001886	W 13662,g2
P001887	W 13662,h1
P001888	W 13662,h2
P001889	W 13662,i1
P001890	W 13662,k1
P001891	W 13662,k2
P001892	W 13662,k3 + W 13662,kv2
P001893	W 13662,l1
P001894	W 13662,m1
P001895	W 13662,n1
P001896	W 13662,n2
P001897	W 13662,n3
P001898	W 13662,o1
P001899	W 13662,p1
P001900	W 13662,q1 + W 13662,y + W 13662,z
P001901	W 13662,r1
P001903	W 13662,s2
P001904	W 13662,t1
P001905	W 13662,t2
P001906	W 13662,t3
P001907	W 13662,u1
P001909	W 13662,v3
P001910	W 13662,w1
P001911	W 13662,w2
P001912	W 13662,x1
P001913	W 13662,x2
P001916	W 13675
P001917	W 13701
P001918	W 13917
P001919	W 13946,a
P001920	W 13946,b
P001921	W 13946,c
P001922	W 13946,d
P001923	W 13946,e
P001924	W 13946,f
P001925	W 13946,g
P001926	W 13946,h
P001927	W 13946,i + W 13946,k
P001929	W 13946,l
P001930	W 13946,m
P001931	W 13946,n1
P001932	W 13946,n2
P001933	W 13946,o + W 13946,s
P001936	W 13946,r
P001938	W 13946,t
P001940	W 13946,v
P001941	W 13946,w
P001942	W 13946,z
P001943	W 13989,a
P001944	W 13989,b
P001945	W 13989,c
P001946	W 13989,d
P001948	W 13989,f
P001949	W 14016,a
P001950	W 14017
P001951	W 14109
P001952	W 14110,a + W 14110,b
P001954	W 14111,a + W 14111,b + W 14111,d1 + W 14111,e
P001956	W 14111,c
P001958	W 14111,d2 + W 14363 + W 14364,a + b
P001960	W 14111,f
P001961	W 14111,g
P001962	W 14111,h
P001965	W 14111,l
P001967	W 14111,n
P001968	W 14111,o
P001971	W 14111,r
P001972	W 14111,s
P001974	W 14111,u
P001976	W 14111,w
P001977	W 14111,x
P001978	W 14111,y
P001979	W 14111,z
P001980	W 14111,aa
P001981	W 14111,?1
P001982	W 14111,?2
P001984	W 14112,l
P001985	W 14132
P001986	W 14133
P001987	W 14134,a
P001988	W 14134,b + W 14134,c
P001990	W 14148
P001991	W 14210
P001992	W 14263
P001993	W 14265
P001994	W 14274
P001995	W 14275
P001996	W 14289,a + W 14289,b
P001998	W 14290,a + W 14290,b
P002000	W 14291,a
P002001	W 14291,b
P002002	W 14327
P002003	W 14328
P002004	W 14329,a + W 14329,b
P002006	W 14330
P002007	W 14331
P002008	W 14332,a + W 14332,b + W 14332,c
P002011	W 14333
P002012	W 14334,a + W 14334,b + W 14334,d
P002015	W 14334,c
P002017	W 14334,e + W 14334,g + W 14334,h
P002018	W 14334,f
P002021	W 14334,l
P002023	W 14335,b
P002024	W 14335,d
P002025	W 14335,e
P002026	W 14335,f
P002027	W 14335,g
P002028	W 14335,h
P002029	W 14335,i
P002030	W 14335,k
P002031	W 14335,l1
P002032	W 14335,l2
P002033	W 14335,m
P002034	W 14335,n
P002035	W 14335,o + W 14335,p + W 14335,y + ?
P002041	W 14335,u
P002043	W 14335,w
P002044	W 14335,x
P002048	W 14338,a + W 14338,b
P002050	W 14338,c
P002051	W 14338,d
P002052	W 14341
P002053	W 14353
P002054	W 14354,a
P002056	W 14355
P002059	W 14357
P002060	W 14358
P002061	W 14359
P002062	W 14360
P002063	W 14361
P002064	W 14362
P002068	W 14365
P002069	W 14366
P002070	W 14367 + W 14372
P002073	W 14370
P002074	W 14371
P002076	W 14384
P002078	W 14551,d
P002079	W 14557
P002080	W 14568
P002081	W 14617
P002082	W 14637
P002083	W 14704,a
P002084	W 14704,b
P002085	W 14724
P002086	W 14731,a1
P002087	W 14731,a2
P002088	W 14731,a3
P002089	W 14731,a4
P002090	W 14731,b1
P002091	W 14731,b2
P002092	W 14731,c
P002093	W 14731,d
P002094	W 14731,e
P002095	W 14731,f
P002096	W 14731,g
P002097	W 14731,h
P002098	W 14731,i
P002099	W 14731,k
P002100	W 14731,l
P002101	W 14731,m
P002102	W 14731,n
P002103	W 14731,o
P002104	W 14731,p
P002105	W 14731,q
P002106	W 14731,r
P002107	W 14731,s
P002108	W 14731,t
P002109	W 14731,u + W 14731,aa + W 14731,ac
P002110	W 14731,v
P002111	W 14731,w
P002112	W 14731,y
P002113	W 14731,z
P002115	W 14731,ab1
P002116	W 14731,ab2
P002118	W 14731,ad
P002119	W 14731,ae
P002120	W 14731,af
P002121	W 14731,ag01
P002122	W 14731,ag08
P002123	W 14731,ah
P002124	W 14731,ai1
P002125	W 14731,ai2
P002126	W 14731,ai3
P002127	W 14731,ak
P002128	W 14731,al2
P002129	W 14731,al1
P002130	W 14731,am
P002131	W 14731,an
P002133	W 14731,ap
P002134	W 14731,aq
P002135	W 14731,ar
P002136	W 14731,as
P002138	W 14731,av
P002139	W 14731,aw1
P002140	W 14731,aw2
P002141	W 14731,ax
P002142	W 14731,ay
P002143	W 14731,az
P002144	W 14731,a?
P002145	W 14731,ba
P002146	W 14731,bb
P002147	W 14731,bc
P002148	W 14731,bd
P002150	W 14731,bf
P002151	W 14731,bg
P002153	W 14731,bi
P002154	W 14731,bk
P002157	W 14731,bn
P002169	W 14731,bz
P002170	W 14731,en
P002171	W 14731,?1
P002172	W 14731,?2
P002173	W 14731,?3
P002174	W 14731,?4
P002175	W 14731,?5a
P002176	W 14731,?5b
P002177	W 14758
P002178	W 14777,a
P002179	W 14777,c
P002180	W 14777,d
P002181	W 14777,e + W 14777,r1 ?
P002182	W 14777,f
P002183	W 14777,g
P002184	W 14777,h
P002185	W 14777,i
P002186	W 14777,k
P002187	W 14777,l
P002188	W 14777,m
P002189	W 14777,n
P002190	W 14777,o
P002192	W 14777,q
P002194	W 14777,r2
P002195	W 14804,a + W 14804,b
P002197	W 14804,c
P002198	W 14820
P002199	W 14851
P002200	W 14852
P002201	W 15193
P002202	W 15194,a
P002203	W 15194,b
P002204	W 15194,c
P002205	W 15195
P002206	W 15286
P002207	W 15658
P002208	W 15662
P002209	W 15692,a1
P002210	W 15692,a2
P002211	W 15692,a3
P002212	W 15692,a4
P002213	W 15692,a5
P002214	W 15692,a6
P002215	W 15692,a7
P002216	W 15692,a8
P002217	W 15692,a9
P002218	W 15692,a10
P002219	W 15692,a11
P002220	W 15692,a12
P002221	W 15692,a13
P002222	W 15692,a14
P002223	W 15692,a15
P002224	W 15692,a16
P002225	W 15692,a17
P002226	W 15692,a18
P002227	W 15711
P002228	W 15721,m?
P002229	W 15759
P002230	W 15769,a
P002231	W 15770,a
P002232	W 15770,b
P002233	W 15770,c
P002234	W 15770,d
P002235	W 15770,e
P002236	W 15770,f
P002237	W 15770,g + W 15772,h ?
P002238	W 15770,h
P002239	W 15770,i
P002240	W 15770,k
P002241	W 15770,l
P002242	W 15770,m
P002243	W 15770,n
P002244	W 15770,o
P002245	W 15770,p
P002246	W 15770,q
P002247	W 15770,r
P002248	W 15770,s
P002249	W 15770,t
P002250	W 15770,u
P002251	W 15770,v
P002252	W 15770,w
P002253	W 15770,x
P002254	W 15770,y
P002255	W 15770,z
P002256	W 15770,?
P002257	W 15771,a
P002258	W 15771,b
P002259	W 15771,c
P002260	W 15771,d
P002261	W 15771,e
P002262	W 15771,f
P002263	W 15771,g
P002264	W 15771,h
P002265	W 15771,i
P002266	W 15771,k
P002267	W 15771,l
P002268	W 15771,m
P002269	W 15771,n
P002270	W 15771,o
P002271	W 15771,p
P002272	W 15771,q
P002273	W 15771,r
P002274	W 15771,s
P002275	W 15771,t
P002276	W 15771,u
P002278	W 15771,w
P002279	W 15771,x
P002281	W 15771,z
P002282	W 15772,a
P002283	W 15772,b
P002284	W 15772,c + W 15772,i1
P002285	W 15772,d
P002286	W 15772,e
P002287	W 15772,f
P002288	W 15772,g
P002291	W 15772,i2
P002292	W 15772,k
P002293	W 15772,m
P002294	W 15772,n
P002295	W 15772,o
P002296	W 15772,p
P002297	W 15772,q
P002298	W 15772,r
P002299	W 15772,s
P002300	W 15772,t
P002301	W 15772,u
P002302	W 15772,v
P002303	W 15772,w
P002306	W 15772,z
P002307	W 15773,a
P002308	W 15773,b
P002309	W 15773,d
P002310	W 15773,e
P002311	W 15773,f + W 15776,k
P002312	W 15773,g
P002313	W 15773,h
P002314	W 15773,i
P002315	W 15773,k
P002316	W 15773,l
P002317	W 15773,m
P002318	W 15773,n
P002319	W 15773,o
P002320	W 15773,p
P002321	W 15773,r
P002322	W 15773,s
P002323	W 15773,u
P002324	W 15773,v
P002326	W 15774,a
P002327	W 15774,b
P002328	W 15774,c
P002329	W 15774,d
P002330	W 15774,e
P002331	W 15774,f
P002332	W 15774,g
P002333	W 15774,h
P002334	W 15774,i
P002335	W 15774,k
P002336	W 15774,l
P002337	W 15774,m
P002338	W 15774,n
P002339	W 15774,o
P002340	W 15774,p
P002341	W 15774,r
P002342	W 15774,s
P002343	W 15774,t
P002344	W 15774,u
P002346	W 15774,x
P002347	W 15774,y
P002348	W 15774,z
P002350	W 15775,a
P002351	W 15775,b
P002352	W 15775,c
P002353	W 15775,d
P002354	W 15775,e
P002355	W 15775,g
P002356	W 15775,h
P002357	W 15775,i
P002358	W 15775,k
P002359	W 15775,l
P002360	W 15775,m
P002362	W 15775,o + W 15775,v
P002363	W 15775,p
P002364	W 15775,q
P002365	W 15775,r
P002366	W 15775,s
P002367	W 15775,t
P002368	W 15775,u
P002370	W 15775,w
P002371	W 15775,z
P002372	W 15775,aa
P002373	W 15775,ab
P002375	W 15775,ad
P002377	W 15775,ag
P002378	W 15775,ah
P002379	W 15776,a
P002380	W 15776,b
P002381	W 15776,c
P002382	W 15776,d
P002383	W 15776,e
P002384	W 15776,f
P002385	W 15776,g
P002386	W 15776,h
P002387	W 15776,i
P002389	W 15776,l
P002390	W 15776,m + W 15776,o
P002391	W 15776,n
P002393	W 15776,p + W 15776,q
P002395	W 15776,r
P002396	W 15776,s
P002397	W 15776,t
P002398	W 15785,a1
P002399	W 15785,a2
P002400	W 15785,a3
P002401	W 15785,a4
P002402	W 15785,a5
P002403	W 15785,a6
P002404	W 15785,a7
P002405	W 15785,a8
P002406	W 15785,a9
P002407	W 15785,a10
P002408	W 15792,a1
P002409	W 15792,a2
P002410	W 15792,b
P002411	W 15897,a + W 15897,b
P002413	W 15825,a1
P002414	W 15825,a2
P002415	W 15825,a4
P002416	W 15825,a5
P002417	W 15825,a6
P002418	W 15825,a9
P002419	W 15825,a10
P002420	W 15830,a + W 15830,c + W 15830,d + W 15830,e
P002421	W 15830,b
P002425	W 15833,a01 + W 15833,aa04
P002426	W 15833,a02
P002427	W 15833,a03
P002429	W 15833,a05 + ?
P002430	W 15833,a06
P002434	W 15833,a?
P002435	W 15860,a1
P002436	W 15860,a2
P002437	W 15860,a3
P002438	W 15860,a4
P002439	W 15860,a5
P002440	W 15860,a6
P002441	W 15860,a7
P002442	W 15860,a8
P002443	W 15860,a9
P002444	W 15863,a
P002445	W 15863,b
P002446	W 15863,c
P002447	W 15865
P002448	W 15873,a
P002449	W 15873,b
P002450	W 15873,c
P002451	W 15873,d
P002453	W 15876,cy1
P002455	W 15878,a
P002456	W 15878,b
P002457	W 15878,c
P002458	W 15878,d + W 15878,e
P002460	W 15878,f
P002461	W 15878,h
P002462	W 15878,i
P002463	W 15878,k
P002464	W 15878,l
P002465	W 15878,m
P002466	W 15878,?
P002467	W 15892,d + W 15892,o
P002468	W 15892,e
P002469	W 15892,f
P002470	W 15892,g + W 15892,n
P002471	W 15892,h
P002472	W 15892,i
P002473	W 15892,k
P002474	W 15892,l
P002475	W 15892,m
P002478	W 15892,p + W 15892,r + W 15892,s
P002479	W 15892,q
P002482	W 15893,a
P002483	W 15893,b
P002484	W 15893,c
P002485	W 15893,d
P002486	W 15893,e
P002487	W 15893,f
P002488	W 15893,g
P002489	W 15893,h
P002490	W 15893,i
P002491	W 15893,k
P002492	W 15893,l
P002493	W 15893,m
P002494	W 15893,n
P002495	W 15893,o
P002496	W 15893,p
P002497	W 15893,q
P002498	W 15895,x
P002499	W 15895,z
P002500	W 15895,af
P002501	W 15895,ag
P002502	W 15895,al
P002503	W 15895,a?
P002504	W 15895,bg
P002505	W 15895,bh
P002506	W 15895,bl
P002507	W 15895,bx
P002508	W 15895,?
P002509	W 15897,a01
P002510	W 15897,a02
P002511	W 15897,a03
P002512	W 15897,a05
P002513	W 15897,a06
P002514	W 15897,a07
P002515	W 15897,a08
P002516	W 15897,a09
P002518	W 15897,b1
P002519	W 15897,b2
P002520	W 15897,b3
P002521	W 15897,b4
P002522	W 15897,b5
P002523	W 15897,c01
P002524	W 15897,c02
P002525	W 15897,c03
P002526	W 15897,c04
P002527	W 15897,c05
P002528	W 15897,c06
P002529	W 15897,c07
P002530	W 15897,c08
P002531	W 15897,c10
P002532	W 15897,c11
P002533	W 15897,c12
P002534	W 15897,c15
P002537	W 15897,c17
P002538	W 15897,c19
P002539	W 15897,c20
P002540	W 15897,c21
P002541	W 15897,c22
P002542	W 15897,c23
P002543	W 15897,c24
P002544	W 15897,c25
P002545	W 15897,c26
P002546	W 15897,c27
P002547	W 15897,c29
P002548	W 15919,a
P002549	W 15919,b
P002550	W 15919,e
P002551	W 15920,a1
P002552	W 15920,a2
P002553	W 15920,a3
P002554	W 15920,a5
P002555	W 15920,a6
P002556	W 15920,a7
P002557	W 15920,a8
P002558	W 15920,a9
P002559	W 15920,b2
P002560	W 15920,b3
P002561	W 15920,b4
P002562	W 15920,b5
P002563	W 15936
P002564	W 15957,b
P002566	W 15957,?
P002567	W 15958,a
P002568	W 15966,d
P002569	W 15968
P002571	W 16012,a + W 16012,b + W 16012,d + W 16012,e
P002573	W 16012,c
P002576	W 16025,b
P002577	W 16050
P002578	W 16114
P002579	W 16016
P002580	W 16139,a
P002581	W 16139,b
P002582	W 16139,c
P002583	W 16139,d
P002584	W 16139,e
P002585	W 16139,f
P002586	W 16184
P002587	W 16187
P002590	W 16398
P002591	W 16465
P002592	W 16476
P002593	W 16477
P002594	W 16603,b15
P002595	W 16607
P002596	W 16621,b + W 16632,c
P002597	W 16628
P002598	W 16632,a
P002599	W 16632,b
P002601	W 16632,d
P002602	W 16632,e
P002603	W 16632,f
P002604	W 16632,g
P002605	W 16632,h
P002606	W 16719
P002610	W 16728,14
P002611	W 16731
P002612	W 16747
P002613	W 16750
P002614	W 16751
P002615	W 16844
P002616	W 16878
P002617	W 16979
P002618	W 17049
P002619	W 17398
P002620	W 17402
P002621	W 17440
P002622	W 17445
P002623	W 17480,a
P002624	W 17480,b
P002625	W 17586
P002626	W 17645
P002627	W 17729,a + W 17729,l
P002628	W 17729,b
P002631	W 17729,e
P002633	W 17729,g
P002635	W 17729,i
P002637	W 17729,k
P002640	W 17729,n
P002641	W 17729,o
P002643	W 17729,q
P002644	W 17729,r
P002645	W 17729,s
P002646	W 17729,t
P002647	W 17729,u
P002650	W 17729,x
P002651	W 17729,y
P002652	W 17729,z
P002658	W 17729,af
P002660	W 17729,ah
P002663	W 17729,ak
P002664	W 17729,al
P002665	W 17729,am
P002667	W 17729,ao
P002668	W 17729,ap + W 17729,cz
P002669	W 17729,aq
P002670	W 17729,ar + W 17729,bm + W 17729,ch + W 17729,dy
P002671	W 17729,as
P002672	W 17729,at
P002673	W 17729,au
P002674	W 17729,av
P002677	W 17729,ay
P002678	W 17729,az
P002679	W 17729,ba
P002680	W 17729,bb
P002681	W 17729,bc
P002682	W 17729,bd
P002683	W 17729,be
P002684	W 17729,bf
P002685	W 17729,bg
P002686	W 17729,bh
P002687	W 17729,bi
P002689	W 17729,bk
P002690	W 17729,bl
P002693	W 17729,bo
P002694	W 17729,bp + W 17729,bx
P002695	W 17729,bq
P002697	W 17729,bs
P002698	W 17729,bt
P002699	W 17729,bu
P002700	W 17729,bv
P002701	W 17729,bw
P002703	W 17729,by
P002704	W 17729,bz
P002705	W 17729,ca
P002706	W 17729,cb
P002708	W 17729,cd
P002709	W 17729,ce
P002710	W 17729,cf
P002713	W 17729,ci
P002715	W 17729,ck + W 17729,gf ?
P002716	W 17729,cl
P002717	W 17729,cm
P002718	W 17729,cn + W 17729,eq
P002719	W 17729,co
P002722	W 17729,cr
P002723	W 17729,cs
P002725	W 17729,cu
P002727	W 17729,cw
P002728	W 17729,cx
P002729	W 17729,cy
P002731	W 17729,da
P002732	W 17729,db
P002733	W 17729,dc
P002734	W 17729,dd
P002735	W 17729,de
P002736	W 17729,df
P002737	W 17729,dg
P002738	W 17729,dh + ?
P002739	W 17729,di
P002741	W 17729,dk
P002742	W 17729,dl
P002743	W 17729,dm
P002744	W 17729,dn
P002745	W 17729,do
P002746	W 17729,dp
P002747	W 17729,dq
P002749	W 17729,ds
P002750	W 17729,dt
P002751	W 17729,du
P002752	W 17729,dv
P002753	W 17729,dw
P002756	W 17729,dz
P002757	W 17729,ea
P002758	W 17729,eb
P002759	W 17729,ec
P002760	W 17729,ed
P002761	W 17729,ee
P002762	W 17729,ef
P002763	W 17729,eg
P002764	W 17729,eh
P002765	W 17729,ei + W 17729,fb
P002767	W 17729,ek
P002768	W 17729,el
P002769	W 17729,em
P002770	W 17729,en
P002771	W 17729,eo
P002772	W 17729,ep
P002774	W 17729,er
P002775	W 17729,es
P002776	W 17729,et
P002777	W 17729,eu
P002779	W 17729,ew
P002780	W 17729,ex
P002781	W 17729,ey
P002782	W 17729,ez
P002783	W 17729,fa
P002785	W 17729,fc
P002786	W 17729,fd
P002787	W 17729,fe
P002788	W 17729,ff
P002789	W 17729,fg
P002790	W 17729,fh
P002791	W 17729,fi
P002793	W 17729,fk
P002794	W 17729,fl
P002795	W 17729,fm
P002796	W 17729,fn
P002797	W 17729,fo
P002798	W 17729,fp
P002799	W 17729,fq
P002800	W 17729,fr
P002801	W 17729,fs
P002802	W 17729,ft
P002803	W 17729,fu
P002804	W 17729,fv
P002805	W 17729,fw
P002806	W 17729,fx
P002807	W 17729,fy
P002808	W 17729,fz
P002809	W 17729,ga
P002810	W 17729,gb
P002811	W 17729,gc
P002812	W 17729,gd
P002813	W 17729,ge
P002815	W 17729,gg
P002816	W 17729,gh
P002817	W 17729,gi
P002819	W 17729,gk
P002820	W 17729,gl
P002821	W 17729,gm
P002823	W 17729,ha
P002824	W 17729,hc
P002825	W 17729,hd
P002826	W 17872,a
P002828	W 17872,c
P002833	W 17879,b
P002835	W 17879,d
P002836	W 17879,e
P002837	W 17879,f
P002840	W 17879,i
P002842	W 17879,k
P002843	W 17879,l
P002844	W 17879,m
P002845	W 17879,n
P002846	W 17879,o
P002847	W 17879,p
P002848	W 17879,q
P002851	W 17879,t
P002852	W 17879,u
P002853	W 17879,v
P002854	W 17879,w
P002855	W 17879,x
P002856	W 17879,y
P002857	W 17879,z
P002858	W 17879,aa
P002860	W 17879,ac
P002861	W 17879,ad
P002862	W 17879,ae
P002863	W 17879,af
P002864	W 17879,ag
P002866	W 17890,b
P002868	W 17902,c
P002869	W 17902,k
P002874	W 17904,?
P002875	W 17925,b
P002876	W 17926
P002877	W 17938
P002879	W 17950,b
P002880	W 17950,c
P002881	W 17950,d
P002882	W 17950,e
P002883	W 17950,h
P002884	W 17950,i
P002887	W 17950,m
P002888	W 17950,n?
P002890	W 17955,a
P002891	W 17973,a
P002892	W 17973,b
P002893	W 17973,c
P002895	W 17973,f
P002896	W 17973,g
P002898	W 17981,a
P002899	W 17981,b
P002900	W 17981,c
P002901	W 18247,1a
P002902	W 18247,1b
P002903	W 18247,1c
P002904	W 18247,1d
P002906	W 18247,3
P002907	W 18247,4
P002908	W 18247,4a
P002909	W 18247,4b
P002910	W 18247,5
P002912	W 18247,7
P002913	W 18330,b
P002914	W 18995
P002915	W 19163
P002919	W 19295
P002920	W 19337,e
P002922	W 19361,01
P002923	W 19361,02
P002924	W 19361,03
P002925	W 19361,04
P002926	W 19361,05
P002927	W 19361,06
P002928	W 19361,07
P002929	W 19361,08
P002930	W 19361,09
P002931	W 19361,10
P002932	W 19361,11
P002933	W 19361,12
P002934	W 19361,13
P002935	W 19361,14
P002936	W 19361,15
P002937	W 19361,16
P002938	W 19361,17
P002939	W 19361,18
P002941	W 19361,20
P002942	W 19361,21
P002943	W 19361,22
P002944	W 19361,23
P002945	W 19361,24
P002946	W 19361,25
P002947	W 19361,26
P002948	W 19361,27 + W 19361,45
P002949	W 19361,28
P002950	W 19361,29
P002951	W 19361,30
P002952	W 19361,31
P002953	W 19361,32
P002954	W 19361,33
P002955	W 19361,34
P002956	W 19361,35
P002957	W 19361,36a
P002958	W 19361,36b
P002959	W 19361,36c
P002960	W 19361,36d
P002961	W 19361,36e
P002962	W 19361,36f
P002963	W 19361,36g
P002964	W 19361,36h
P002965	W 19361,36i
P002966	W 19361,37
P002967	W 19361,38a
P002968	W 19361,38b
P002969	W 19361,38c
P002970	W 19361,39a
P002971	W 19361,39b
P002972	W 19361,39c
P002973	W 19361,39d
P002974	W 19361,39e
P002975	W 19361,39f
P002976	W 19361,39g
P002977	W 19361,39h
P002978	W 19361,39i
P002979	W 19361,40a + W 19361,40e
P002980	W 19361,40b
P002981	W 19361,40c
P002982	W 19361,40d
P002984	W 19361,40f
P002985	W 19361,41
P002986	W 19361,42
P002987	W 19361,43
P002988	W 19361,44
P002989	W 19361,45a
P002990	W 19361,45b
P002991	W 19361,45c
P002992	W 19361,45d
P002993	W 19361,45e
P002994	W 19361,45f
P002995	W 19361,45g
P002996	W 19361,45h
P002997	W 19361,45i
P002998	W 19361,45j
P003000	W 19361,46
P003001	W 19361,47a
P003002	W 19361,47b
P003003	W 19361,47c
P003004	W 19361,47d
P003005	W 19361,47e
P003006	W 19361,47f
P003007	W 19361,47g
P003008	W 19361,47h
P003009	W 19361,47i
P003010	W 19361,47j
P003011	W 19361,47k
P003012	W 19361,47l
P003013	W 19361,47m
P003014	W 19361,47n
P003015	W 19361,47o
P003016	W 19361,47p
P003017	W 19361,47q
P003018	W 19361,47r
P003019	W 19361,47s
P003020	W 19361,47t
P003021	W 19361,47u
P003022	W 19361,47v
P003023	W 19361,47w
P003024	W 19361,47x
P003025	W 19361,47y
P003026	W 19361,47z
P003027	W 19361,47aa
P003028	W 19361,47ab
P003029	W 19361,47ac
P003033	W 19362,e
P003034	W 19363
P003035	W 19372
P003036	W 19408,01
P003037	W 19408,02
P003038	W 19408,03
P003039	W 19408,04
P003040	W 19408,05
P003041	W 19408,06
P003042	W 19408,07
P003043	W 19408,08
P003044	W 19408,09
P003045	W 19408,10
P003046	W 19408,11
P003047	W 19408,12
P003048	W 19408,13
P003049	W 19408,14
P003050	W 19408,15
P003051	W 19408,16
P003052	W 19408,17
P003053	W 19408,18
P003054	W 19408,19
P003055	W 19408,20
P003056	W 19408,21
P003057	W 19408,22
P003058	W 19408,23
P003059	W 19408,24
P003060	W 19408,25
P003061	W 19408,26
P003062	W 19408,27
P003063	W 19408,28
P003064	W 19408,29
P003065	W 19408,30
P003066	W 19408,31
P003067	W 19408,32
P003068	W 19408,33
P003069	W 19408,34
P003070	W 19408,35
P003071	W 19408,36
P003072	W 19408,37
P003073	W 19408,38
P003074	W 19408,39
P003075	W 19408,40
P003076	W 19408,41
P003077	W 19408,42
P003078	W 19408,43
P003079	W 19408,44
P003080	W 19408,45
P003081	W 19408,46
P003082	W 19408,47
P003083	W 19408,48
P003084	W 19408,49
P003085	W 19408,50a
P003086	W 19408,50b
P003087	W 19408,51
P003088	W 19408,52
P003089	W 19408,53
P003090	W 19408,54
P003091	W 19408,55
P003092	W 19408,56
P003093	W 19408,57
P003094	W 19408,58
P003095	W 19408,59
P003096	W 19408,60
P003097	W 19408,61
P003098	W 19408,62
P003099	W 19408,63a
P003100	W 19408,63b
P003101	W 19408,63c
P003102	W 19408,63d
P003103	W 19408,64
P003104	W 19408,65
P003105	W 19408,66
P003106	W 19408,67 + W 19408,82
P003107	W 19408,68
P003108	W 19408,69
P003109	W 19408,70a
P003111	W 19408,70c
P003112	W 19408,70d
P003113	W 19408,71
P003114	W 19408,72
P003115	W 19408,73
P003116	W 19408,74
P003118	W 19408,76 + 70b + frags.
P003119	W 19408,77a
P003120	W 19408,77b
P003121	W 19408,78a
P003122	W 19408,78b
P003123	W 19408,79a
P003126	W 19408,80
P003127	W 19408,81a
P003128	W 19408,81b
P003129	W 19408,82a
P003130	W 19408,82b
P003131	W 19408,83
P003133	W 19408,85
P003134	W 19408,86
P003135	W 19408,87
P003136	W 19408,88
P003137	W 19408,89
P003138	W 19408,90
P003139	W 19408,91
P003140	W 19408,92
P003141	W 19410,01
P003142	W 19410,02
P003143	W 19410,03
P003144	W 19410,04
P003145	W 19410,05
P003146	W 19410,06
P003148	W 19410,08a
P003149	W 19410,08b
P003150	W 19410,09
P003151	W 19410,10
P003152	W 19410,11
P003153	W 19410,12a
P003154	W 19410,12b
P003155	W 19411,8
P003156	W 19412,02
P003157	W 19412,03
P003158	W 19412,04
P003159	W 19412,05
P003160	W 19412,06
P003161	W 19412,07
P003162	W 19412,09
P003163	W 19412,10
P003164	W 19412,11a
P003165	W 19412,11b
P003166	W 19412,11c
P003167	W 19412,11d
P003168	W 19413,01
P003169	W 19413,02
P003170	W 19413,03
P003171	W 19413,04
P003172	W 19413,05
P003173	W 19413,06
P003174	W 19413,07
P003175	W 19413,08
P003176	W 19413,09
P003177	W 19413,10
P003180	W 19415,1
P003181	W 19415,2
P003182	W 19416,a
P003183	W 19416,b
P003184	W 19417,a
P003185	W 19417,b
P003186	W 19418,k
P003187	W 19419
P003190	W 19422,a
P003191	W 19422,b1
P003192	W 19422,b2 + W 19422,b3 + frag.
P003194	W 19437
P003195	W 19449
P003196	W 19466,a
P003197	W 19466,b
P003198	W 19466,c
P003199	W 19530,a
P003200	W 19530,b
P003201	W 19531
P003202	W 19532,a
P003203	W 19532,b
P003205	W 19567,a
P003206	W 19567,b
P003207	W 19567,c
P003208	W 19567,d
P003209	W 19567,e
P003211	W 19567,g
P003212	W 19567,h
P003213	W 19567,i
P003214	W 19567,j
P003215	W 19567,k
P003216	W 19568,a
P003217	W 19568,b
P003218	W 19568,c
P003219	W 19568,d
P003220	W 19568,e
P003221	W 19568,f
P003222	W 19568,g
P003223	W 19568,h
P003224	W 19568,i
P003225	W 19568,j
P003226	W 19568,k
P003227	W 19568,l
P003228	W 19568,m
P003229	W 19568,n
P003230	W 19577,a
P003231	W 19577,b +W 19577,i
P003232	W 19577,c + W 19584,f
P003233	W 19577,d
P003234	W 19577,e
P003235	W 19577,f
P003236	W 19577,g
P003237	W 19577,h
P003239	W 19577,j + W 19577,k + W 19577,l + W 19577,m +W 19577, n + W 19577,p
P003244	W 19577,o
P003246	W 19577,q
P003247	W 19578,a
P003248	W 19578,b
P003249	W 19584,a
P003250	W 19584,b
P003251	W 19584,c
P003252	W 19584,d
P003253	W 19584,e
P003255	W 19584,g
P003256	W 19584,h
P003257	W 19584,i
P003261	W 19591,a
P003262	W 19591,b
P003263	W 19592,a
P003264	W 19592,b
P003265	W 19592,c
P003266	W 19592,d
P003267	W 19592,e
P003268	W 19592,f
P003269	W 19592,g
P003270	W 19592,h
P003271	W 19592,i
P003272	W 19592,j
P003273	W 19592,k
P003274	W 19592,l
P003275	W 19592,m
P003276	W 19592,n
P003277	W 19592,o
P003278	W 19592,p
P003279	W 19592,q
P003280	W 19592,r
P003281	W 19592,s
P003282	W 19592,u
P003283	W 19592,w
P003284	W 19597
P003285	W 19621
P003286	W 19635,a
P003287	W 19635,b
P003288	W 19636
P003289	W 19637
P003290	W 19638
P003291	W 19639,a
P003292	W 19639,b
P003293	W 19639,c
P003294	W 19640,b
P003295	W 19641
P003296	W 19642
P003297	W 19665,a
P003298	W 19665,b
P003299	W 19665,c
P003300	W 19666,a
P003301	W 19666,b
P003302	W 19666,c
P003303	W 19666,d
P003304	W 19666,e
P003305	W 19666,g
P003306	W 19666,h
P003307	W 19667,a
P003308	W 19667,b
P003309	W 19667,c
P003310	W 19667,d
P003311	W 19667,f
P003312	W 19667,g
P003313	W 19668,a
P003314	W 19668,b
P003315	W 19668,d
P003316	W 19669
P003317	W 19670
P003318	W 19671
P003319	W 19684,a
P003320	W 19684,b
P003321	W 19685
P003322	W 19686
P003323	W 19687
P003324	W 19688
P003325	W 19689,a
P003326	W 19689,b
P003327	W 19690
P003329	W 19725
P003330	W 19726,a
P003331	W 19726,d
P003332	W 19726,e
P003333	W 19726,f
P003334	W 19727
P003335	W 19728,a
P003336	W 19728,b
P003337	W 19737,b
P003338	W 19737,d
P003339	W 19740,h
P003340	W 19766
P003341	W 19768,a
P003342	W 19771,a
P003343	W 19772,a
P003344	W 19772,b
P003345	W 19772,d
P003346	W 19772,e
P003347	W 19772,f + W 19772,g
P003349	W 19772,h + W 19785,a
P003350	W 19772,i
P003351	W 19781
P003352	W 19784
P003354	W 19796
P003355	W 19799
P003356	W 19851,a
P003357	W 19851,b + W 19948,28
P003358	W 19948,01
P003359	W 19948,02
P003360	W 19948,03
P003361	W 19948,04
P003362	W 19948,05
P003363	W 19948,06
P003364	W 19948,07
P003365	W 19948,11
P003366	W 19948,12
P003367	W 19948,13
P003368	W 19948,14
P003369	W 19948,15
P003370	W 19948,16
P003371	W 19948,17
P003372	W 19948,18
P003373	W 19948,19
P003374	W 19948,21
P003375	W 19948,25
P003376	W 19948,26
P003377	W 19948,27
P003379	W 19948,31
P003380	W 19948,37
P003381	W 19948,51
P003382	W 19948,52
P003383	W 19948,53
P003384	W 19948,54
P003385	W 19948,55
P003386	W 19948,56
P003387	W 19948,58
P003388	W 19948,59
P003389	W 19948,60
P003390	W 19948,61
P003391	W 19948,62
P003392	W 19948,63
P003393	W 19948,64
P003394	W 19948,65
P003395	W 19948,66
P003396	W 19948,67
P003397	W 19948,69
P003398	W 19948,70
P003399	W 19948,72
P003400	W 19948,73
P003401	W 20034,b
P003402	W 20044,01
P003403	W 20044,02
P003404	W 20044,03
P003405	W 20044,04
P003406	W 20044,05
P003407	W 20044,06
P003408	W 20044,07
P003409	W 20044,08
P003410	W 20044,09
P003411	W 20044,10
P003412	W 20044,11
P003413	W 20044,12
P003414	W 20044,13
P003415	W 20044,14
P003416	W 20044,15
P003417	W 20044,16
P003418	W 20044,17
P003419	W 20044,18
P003420	W 20044,19
P003421	W 20044,20
P003422	W 20044,21
P003423	W 20044,22
P003424	W 20044,23
P003425	W 20044,24
P003426	W 20044,25
P003427	W 20044,26
P003428	W 20044,27
P003429	W 20044,28
P003430	W 20044,29
P003431	W 20044,30
P003432	W 20044,31
P003433	W 20044,32
P003434	W 20044,33
P003435	W 20044,34
P003436	W 20044,35
P003437	W 20044,36
P003438	W 20044,37
P003439	W 20044,38
P003440	W 20044,39
P003441	W 20044,40
P003442	W 20044,41
P003443	W 20044,42
P003444	W 20044,43
P003445	W 20044,44a
P003446	W 20044,44b
P003447	W 20044,44c
P003448	W 20044,44d
P003449	W 20044,44e
P003450	W 20044,44f
P003451	W 20044,44g
P003452	W 20044,44h
P003453	W 20044,48
P003454	W 20044,49
P003455	W 20044,50
P003456	W 20044,51
P003457	W 20044,52
P003458	W 20044,53
P003459	W 20044,54
P003460	W 20044,56
P003461	W 20044,57
P003462	W 20044,58
P003463	W 20044,59
P003464	W 20044,60
P003465	W 20044,61
P003466	W 20050,a
P003467	W 20213,4e
P003468	W 20214,1
P003469	W 20214,2
P003470	W 20214,3
P003471	W 20214,4 + W 20214,6 + W 20214,7
P003472	W 20214,5
P003475	W 20214,8
P003476	W 20214,9
P003477	W 20223
P003478	W 20233,1
P003479	W 20233,2
P003480	W 20236,1
P003481	W 20236,2
P003482	W 20237
P003483	W 20238
P003484	W 20239
P003485	W 20240
P003486	W 20241
P003487	W 20242
P003488	W 20243,1
P003490	W 20243,3
P003491	W 20244
P003492	W 20245
P003493	W 20246,1
P003494	W 20246,2
P003495	W 20246,3
P003496	W 20266,165
P003497	W 20266,166
P003498	W 20266,167
P003499	W 20274,001
P003500	W 20274,002
P003501	W 20274,003
P003502	W 20274,004
P003503	W 20274,005
P003504	W 20274,006
P003505	W 20274,007
P003506	W 20274,008
P003507	W 20274,009
P003508	W 20274,010
P003509	W 20274,011
P003510	W 20274,012
P003511	W 20274,013
P003512	W 20274,014
P003513	W 20274,015
P003514	W 20274,016
P003515	W 20274,017
P003516	W 20274,018
P003517	W 20274,019
P003518	W 20274,020
P003519	W 20274,021
P003520	W 20274,022
P003521	W 20274,023
P003522	W 20274,024
P003523	W 20274,025
P003524	W 20274,026
P003525	W 20274,027
P003526	W 20274,028
P003527	W 20274,029
P003528	W 20274,030
P003529	W 20274,031
P003530	W 20274,032
P003531	W 20274,033
P003532	W 20274,034
P003533	W 20274,035
P003534	W 20274,036
P003535	W 20274,037
P003536	W 20274,038
P003537	W 20274,039
P003538	W 20274,040
P003539	W 20274,041
P003540	W 20274,042
P003541	W 20274,043
P003542	W 20274,044
P003543	W 20274,045
P003544	W 20274,046
P003545	W 20274,047
P003546	W 20274,048
P003547	W 20274,049
P003548	W 20274,050
P003549	W 20274,051
P003550	W 20274,052
P003551	W 20274,053
P003552	W 20274,054
P003553	W 20274,055
P003554	W 20274,056
P003555	W 20274,057
P003556	W 20274,058
P003557	W 20274,059
P003558	W 20274,060
P003559	W 20274,061
P003560	W 20274,062 + W 20274,108
P003561	W 20274,063
P003562	W 20274,064
P003563	W 20274,065
P003564	W 20274,066
P003565	W 20274,067
P003566	W 20274,068
P003567	W 20274,069
P003568	W 20274,070
P003569	W 20274,071
P003570	W 20274,072
P003571	W 20274,073
P003572	W 20274,074
P003573	W 20274,075
P003574	W 20274,076
P003575	W 20274,077
P003576	W 20274,078
P003577	W 20274,079
P003578	W 20274,080 + W 20274,127 + W 20274,136
P003579	W 20274,081
P003580	W 20274,082
P003581	W 20274,083
P003582	W 20274,084
P003583	W 20274,085
P003584	W 20274,086
P003585	W 20274,087
P003586	W 20274,088
P003587	W 20274,089
P003588	W 20274,090
P003589	W 20274,091
P003590	W 20274,092
P003591	W 20274,093
P003592	W 20274,094
P003593	W 20274,095
P003594	W 20274,096
P003595	W 20274,097
P003596	W 20274,098
P003597	W 20274,099
P003598	W 20274,100
P003599	W 20274,101
P003600	W 20274,102
P003601	W 20274,103
P003602	W 20274,104
P003603	W 20274,105
P003604	W 20274,106
P003605	W 20274,107
P003607	W 20274,109
P003608	W 20274,110
P003609	W 20274,111
P003610	W 20274,112
P003611	W 20274,113
P003612	W 20274,114
P003613	W 20274,115
P003614	W 20274,116
P003615	W 20274,117
P003616	W 20274,118
P003617	W 20274,119
P003618	W 20274,120
P003619	W 20274,121
P003620	W 20274,122
P003621	W 20274,123
P003622	W 20274,124
P003623	W 20274,125
P003624	W 20274,126
P003626	W 20274,128
P003627	W 20274,129
P003628	W 20274,130
P003629	W 20274,131
P003630	W 20274,132
P003631	W 20274,133
P003632	W 20274,134
P003633	W 20274,135
P003635	W 20274,137
P003636	W 20274,138
P003637	W 20274,139
P003638	W 20274,140
P003639	W 20274,141
P003640	W 20274,142
P003641	W 20274,143
P003642	W 20274,144
P003643	W 20274,145
P003644	W 20274,146
P003645	W 20274,147
P003646	W 20274,148
P003647	W 20274,149
P003648	W 20274,150
P003649	W 20274,151
P003650	W 20274,152
P003651	W 20274,153
P003652	W 20274,155
P003653	W 20274,156
P003654	W 20327,01
P003655	W 20327,03
P003656	W 20327,04
P003657	W 20327,05
P003658	W 20327,06
P003659	W 20327,07
P003660	W 20327,08
P003661	W 20327,09
P003662	W 20327,10
P003663	W 20327,11
P003664	W 20327,12
P003665	W 20327,13
P003666	W 20327,14
P003667	W 20327,15
P003668	W 20327,16
P003669	W 20327,17
P003670	W 20327,18
P003671	W 20335,5
P003672	W 20335,6
P003673	W 20335,10
P003674	W 20335,11
P003675	W 20364,1 + W 20364,2
P003677	W 20367,01
P003678	W 20367,02
P003679	W 20367,03
P003680	W 20367,04
P003681	W 20367,05
P003682	W 20367,06
P003683	W 20367,07
P003684	W 20367,08
P003685	W 20367,09
P003686	W 20367,10
P003687	W 20367,11a
P003688	W 20367,11b
P003689	W 20367,11c
P003690	W 20367,11d
P003691	W 20367,11e
P003692	W 20367,11f
P003693	W 20368,1
P003694	W 20368,2
P003695	W 20369,1
P003696	W 20369,2
P003697	W 20370
P003698	W 20372
P003699	W 20373
P003700	W 20374
P003701	W 20385,1
P003702	W 20385,2
P003703	W 20419
P003704	W 20420
P003705	W 20422,2
P003706	W 20423
P003707	W 20424
P003708	W 20493,01
P003709	W 20493,02
P003710	W 20493,03
P003711	W 20493,04
P003712	W 20493,05
P003713	W 20493,06 + W 20493,32
P003714	W 20493,07
P003715	W 20493,08
P003716	W 20493,09 + W 20493,35
P003717	W 20493,10
P003718	W 20493,11
P003719	W 20493,12 + W 20493,13 + frag
P003721	W 20493,14 + W 20493,25 + frag
P003722	W 20493,15
P003723	W 20493,16
P003724	W 20493,17
P003725	W 20493,18
P003726	W 20493,19
P003727	W 20493,20
P003728	W 20493,23
P003729	W 20493,24
P003731	W 20493,27
P003732	W 20493,28
P003733	W 20493,29 + W 20493,36
P003734	W 20493,30
P003735	W 20493,31
P003737	W 20493,33
P003738	W 20493,34
P003741	W 20493,37
P003742	W 20493,38
P003743	W 20493,39
P003744	W 20493,40
P003745	W 20493,41
P003746	W 20493,42
P003747	W 20493,43
P003748	W 20493,44
P003749	W 20493,45
P003750	W 20493,46
P003751	W 20493,47
P003752	W 20493,48
P003753	W 20493,49
P003754	W 20493,50
P003755	W 20493,51
P003756	W 20493,52
P003757	W 20493,53
P003758	W 20493,54
P003759	W 20493,55
P003760	W 20493,56
P003761	W 20494,01
P003762	W 20494,02
P003763	W 20494,03
P003764	W 20494,04
P003765	W 20494,05
P003766	W 20494,06
P003767	W 20494,07
P003768	W 20494,08 + W 20514,3
P003769	W 20494,09
P003770	W 20494,10
P003771	W 20494,11
P003772	W 20494,12
P003773	W 20494,13
P003774	W 20494,15
P003775	W 20494,16
P003776	W 20494,17
P003777	W 20494,18
P003778	W 20494,19
P003779	W 20494,20
P003780	W 20494,21
P003781	W 20494,22
P003782	W 20494,23
P003783	W 20494,24
P003784	W 20494,25
P003785	W 20494,26
P003786	W 20494,27
P003787	W 20494,28
P003788	W 20494,29
P003789	W 20494,30
P003790	W 20494,31
P003791	W 20494,32
P003792	W 20494,33
P003793	W 20494,34
P003794	W 20494,35
P003795	W 20494,36
P003796	W 20494,37
P003797	W 20494,38
P003798	W 20496,1
P003799	W 20496,2
P003800	W 20496,3
P003801	W 20498
P003802	W 20499,1
P003803	W 20499,2
P003804	W 20500 + W 20500,b
P003805	W 20500,a
P003807	W 20511,01
P003808	W 20511,02
P003809	W 20511,03
P003810	W 20511,04
P003811	W 20511,05
P003812	W 20511,06
P003813	W 20511,07
P003814	W 20511,08
P003815	W 20511,09
P003816	W 20511,10
P003817	W 20511,11
P003818	W 20511,12
P003819	W 20511,14
P003820	W 20511,15
P003821	W 20511,16
P003822	W 20511,17a
P003823	W 20511,17b
P003824	W 20511,18
P003825	W 20511,19
P003826	W 20511,20
P003827	W 20511,21
P003828	W 20511,22
P003829	W 20511,23
P003830	W 20511,24
P003831	W 20511,25
P003832	W 20511,26
P003833	W 20511,27
P003834	W 20511,28
P003835	W 20511,29
P003836	W 20511,30
P003837	W 20511,31
P003838	W 20511,32
P003839	W 20512
P003840	W 20513
P003842	W 20514,2
P003844	W 20514,5
P003845	W 20514,6
P003846	W 20514,8
P003847	W 20516
P003848	W 20517,1
P003849	W 20518,1
P003850	W 20518,2
P003851	W 20519
P003852	W 20520
P003853	W 20521,2
P003854	W 20522,01
P003855	W 20522,02
P003856	W 20522,03
P003857	W 20522,04
P003858	W 20522,05
P003859	W 20522,06
P003860	W 20522,07
P003861	W 20522,08
P003862	W 20522,09
P003863	W 20522,10
P003864	W 20522,11
P003865	W 20522,12
P003866	W 20522,13
P003867	W 20523,1
P003868	W 20523,2
P003892	W 20546
P003893	W 20547
P003894	W 20548
P003895	W 20549,1
P003896	W 20550
P003897	W 20551,1
P003898	W 20551,2
P003899	W 20551,3
P003900	W 20551,4
P003901	W 20552,1
P003902	W 20552,2
P003903	W 20552,3
P003904	W 20552,4
P003905	W 20552,6
P003906	W 20552,7
P003907	W 20552,8 + W 20593,02
P003908	W 20552,9
P003909	W 20563
P003910	W 20565
P003911	W 20566
P003912	W 20568
P003913	W 20570,1
P003914	W 20570,2
P003915	W 20571,1
P003916	W 20571,2
P003917	W 20572,2
P003918	W 20572,3
P003919	W 20573,1
P003920	W 20573,2
P003921	W 20573,3
P003922	W 20573,4
P003930	W 20593,03
P003931	W 20593,04
P003932	W 20593,05
P003933	W 20593,06
P003934	W 20593,09
P003935	W 20593,10
P003936	W 20593,11
P003937	W 20593,12
P003938	W 20593,13
P003939	W 20593,14
P003940	W 20593,15
P003941	W 20593,16
P003942	W 20593,17a
P003961	W 20594,1
P003962	W 20594,2
P003963	W 20594,3
P003964	W 20594,4
P003965	W 20595,1
P003966	W 20595,2
P003967	W 20596,1
P003968	W 20596,2
P003971	W 20622
P003972	W 20623
P003974	W 20631,2
P003975	W 20632,2
P003976	W 20649
P003977	W 20650
P003978	W 20651
P003979	W 20652
P003980	W 20653
P003981	W 20654
P003982	W 20655,1
P003983	W 20655,2
P003984	W 20676,1
P003985	W 20676,2
P003986	W 20676,3
P003987	W 20676,4
P003988	W 20676,5
P003989	W 20676,6
P003990	W 20676,7
P003991	W 20676,8
P003992	W 20676,9a
P003993	W 20676,9b
P003994	W 20676,9c
P003995	W 20677
P003996	W 20678
P003997	W 20679
P003999	W 20680,1
P004000	W 20680,2
P004001	W 20680,3
P004002	W 20703
P004003	W 20704
P004004	W 20705
P004005	W 20706
P004006	W 20707
P004007	W 20709
P004008	W 20710
P004009	W 20712
P004010	W 20713,2a
P004011	W 20713,2b
P004012	W 20714,1
P004013	W 20714,2
P004014	W 20714,3
P004015	W 20715,1
P004016	W 20715,2
P004017	W 20715,3
P004018	W 20715,4a
P004019	W 20715,4b
P004020	W 20716,4
P004021	W 20717,1
P004022	W 20717,2
P004023	W 20718,2
P004024	W 20718,3
P004025	W 20718,4
P004026	W 20718,5
P004027	W 20719,1
P004028	W 20719,2
P004029	W 20720
P004030	W 20721,1
P004031	W 20721,2
P004032	W 20736,6
P004033	W 20736,7
P004034	W 20736,8a
P004035	W 20736,8b
P004036	W 20737,1
P004037	W 20737,2
P004038	W 20738
P004039	W 20739
P004040	W 20740,1
P004041	W 20740,2
P004042	W 20740,3
P004043	W 20740,4
P004044	W 20740,5
P004045	W 20740,6
P004046	W 20740,7
P004047	W 20771
P004048	W 20772
P004049	W 20773
P004050	W 20774
P004051	W 20775
P004052	W 20776
P004053	W 20777
P004054	W 20778
P004055	W 20779,1
P004056	W 20779,2
P004057	W 20809,01
P004058	W 20809,02
P004059	W 20809,03
P004060	W 20809,04
P004061	W 20809,05
P004062	W 20809,06
P004063	W 20809,07
P004064	W 20809,08 + W 20809,09
P004066	W 20809,10
P004067	W 20809,11
P004068	W 20809,12
P004069	W 20809,13
P004070	W 20809,14
P004071	W 20809,15
P004072	W 20809,16
P004073	W 20809,17
P004074	W 20809,18
P004075	W 20809,19
P004076	W 20813
P004077	W 20817
P004078	W 20818
P004079	W 20820,1
P004080	W 20820,2
P004081	W 20820,3
P004082	W 20826
P004083	W 20831,1
P004084	W 20831,2
P004085	W 20831,3
P004086	W 20831,4
P004087	W 20831,6
P004088	W 20831,7
P004089	W 20831,8
P004090	W 20835
P004091	W 20836
P004092	W 20847
P004093	W 20854
P004095	W 20857,2
P004096	W 20858
P004097	W 20859,2
P004098	W 20859,3
P004099	W 20859,4
P004100	W 20859,5
P004101	W 20859,7
P004102	W 20883
P004103	W 20887
P004104	W 20888
P004105	W 20889
P004106	W 20891,1
P004107	W 20891,3
P004108	W 20891,4
P004109	W 20900
P004110	W 20904
P004111	W 20906
P004112	W 20907,01
P004113	W 20907,02
P004114	W 20907,03
P004115	W 20907,04
P004116	W 20907,05
P004117	W 20907,06a
P004118	W 20907,06b
P004119	W 20907,06c
P004120	W 20907,07
P004121	W 20907,08
P004122	W 20907,09
P004123	W 20907,10
P004124	W 20907,11a
P004125	W 20907,11b
P004126	W 20907,12
P004127	W 20907,13
P004128	W 20909
P004129	W 20910
P004130	W 20911
P004131	W 20915
P004132	W 20916
P004133	W 20918
P004134	W 20920,1
P004135	W 20920,2 + W 21054,1
P004136	W 20920,3
P004137	W 20920,4
P004138	W 20920,5
P004139	W 20920,6
P004140	W 20920,7
P004141	W 20920,8
P004142	W 20938
P004143	W 20940
P004144	W 20970
P004145	W 20973
P004146	W 20975
P004147	W 20982,4
P004148	W 20993,1
P004149	W 20993,2
P004150	W 20994,1
P004151	W 20994,2
P004152	W 20994,3
P004153	W 20994,4
P004154	W 20996
P004155	W 20997
P004156	W 20999,1
P004157	W 20999,2
P004158	W 20999,3
P004159	W 20999,4
P004160	W 20999,5
P004161	W 20999,6
P004162	W 20999,7
P004163	W 21002,1
P004164	W 21002,2
P004165	W 21002,3
P004166	W 21002,4
P004167	W 21002,5
P004168	W 21002,7
P004169	W 21003,1
P004170	W 21003,3
P004171	W 21004,14
P004172	W 21005
P004173	W 21008,1
P004174	W 21008,2
P004175	W 21013,1
P004176	W 21013,2
P004177	W 21013,3
P004178	W 21013,4
P004179	W 21013,5
P004180	W 21013,7
P004181	W 21013,8
P004182	W 21013,9
P004183	W 21016,2
P004184	W 21016,3
P004185	W 21016,4
P004186	W 21016,5
P004187	W 21016,6
P004188	W 21016,7
P004189	W 21019,1
P004190	W 21019,2
P004191	W 21019,3
P004192	W 21019,4
P004193	W 21019,6
P004194	W 21019,7
P004195	W 21021
P004196	W 21022,1
P004197	W 21022,2
P004198	W 21022,3
P004199	W 21022,4 + W 21022,6 ?
P004200	W 21022,5
P004202	W 21025,1
P004204	W 21026
P004205	W 21045,1
P004206	W 21046
P004207	W 21049
P004209	W 21054,2
P004210	W 21056
P004211	W 21057
P004212	W 21060,01
P004213	W 21060,02
P004214	W 21060,03
P004215	W 21060,04
P004216	W 21060,07
P004217	W 21060,08
P004218	W 21060,09
P004219	W 21060,10
P004220	W 21060,11
P004221	W 21060,12
P004222	W 21060,13
P004223	W 21060,14 + W 21075,1?
P004224	W 21060,15
P004225	W 21061,1
P004226	W 21061,2
P004227	W 21061,3
P004228	W 21061,4
P004229	W 21061,5
P004230	W 21063
P004231	W 21068
P004232	W 21069,1
P004233	W 21069,2
P004234	W 21074,1
P004235	W 21074,2
P004236	W 21074,3
P004237	W 21074,4
P004238	W 21074,5
P004239	W 21074,6
P004241	W 21075,2
P004242	W 21075,4
P004243	W 21075,5
P004244	W 21080,1
P004245	W 21080,2
P004246	W 21080,3
P004247	W 21080,4
P004248	W 21081,1
P004249	W 21081,2
P004250	W 21082,1
P004251	W 21082,2
P004252	W 21085
P004253	W 21086
P004254	W 21087
P004255	W 21090
P004256	W 21092
P004257	W 21104,1
P004258	W 21104,3
P004259	W 21104,4
P004260	W 21104,5
P004261	W 21107
P004262	W 21108,1b
P004263	W 21111
P004264	W 21112
P004265	W 21113,1
P004266	W 21113,2
P004267	W 21115,1
P004268	W 21115,2
P004269	W 21115,3
P004270	W 21115,4
P004271	W 21116,1
P004272	W 21116,2
P004273	W 21116,3
P004274	W 21116,5
P004275	W 21116,6
P004276	W 21116,7
P004277	W 21118,2
P004278	W 21118,3
P004279	W 21119,1
P004280	W 21119,2
P004281	W 21119,3
P004282	W 21119,5
P004283	W 21119,6
P004284	W 21119,7
P004285	W 21119,8
P004286	W 21121,1
P004287	W 21128
P004288	W 21135
P004289	W 21145,2
P004290	W 21151
P004291	W 21152,1
P004292	W 21152,3
P004293	W 21152,4
P004294	W 21152,5
P004295	W 21152,6
P004296	W 21152,7
P004297	W 21152,8
P004298	W 21154,3
P004299	W 21157
P004300	W 21158,1
P004301	W 21158,4
P004302	W 21162
P004303	W 21163,1
P004304	W 21163,2
P004305	W 21170
P004306	W 21172
P004307	W 21174
P004308	W 21183
P004309	W 21184,1
P004310	W 21184,2 + W 21292
P004311	W 21184,5
P004312	W 21193
P004313	W 21194
P004314	W 21195,1
P004315	W 21196
P004316	W 21200
P004317	W 21209,2 + W 21209,3 + W 21209,4 +W 21209, 7
P004321	W 21212
P004322	W 21224
P004323	W 21231,1
P004324	W 21231,2
P004325	W 21231,3
P004326	W 21232
P004327	W 21234
P004328	W 21236
P004329	W 21240,1
P004330	W 21241,1
P004331	W 21241,2
P004332	W 21252,2
P004333	W 21253,01
P004334	W 21253,02
P004335	W 21253,03
P004336	W 21253,04
P004337	W 21253,05
P004338	W 21253,06
P004339	W 21253,07
P004340	W 21253,09
P004341	W 21253,10
P004342	W 21253,11
P004343	W 21253,12
P004344	W 21258,1
P004345	W 21258,2
P004346	W 21258,3
P004347	W 21263,1
P004348	W 21263,2
P004349	W 21263,3
P004350	W 21263,4
P004351	W 21263,5
P004352	W 21278
P004353	W 21279
P004354	W 21283
P004355	W 21290
P004357	W 21300,1
P004358	W 21300,2
P004359	W 21300,3
P004360	W 21300,4
P004361	W 21300,5
P004362	W 21300,6
P004363	W 21300,7
P004364	W 21303,1
P004365	W 21303,2
P004366	W 21307,a
P004367	W 21311,1
P004368	W 21311,2
P004369	W 21328
P004370	W 21329,2
P004371	W 21330
P004372	W 21331,1
P004373	W 21335
P004374	W 21342
P004375	W 21355,2
P004376	W 21355,3
P004377	W 21375,2
P004378	W 21385
P004379	W 21387
P004380	W 21393
P004381	W 21394
P004382	W 21397,1
P004383	W 21397,2
P004384	W 21403
P004385	W 21418,02
P004386	W 21418,03
P004387	W 21418,04
P004388	W 21418,06
P004389	W 21418,08
P004390	W 21418,09
P004391	W 21418,10
P004392	W 21418,11
P004393	W 21418,13
P004394	W 21418,14
P004395	W 21418,15
P004396	W 21418,16
P004397	W 21418,17
P004398	W 21418,18
P004399	W 21418,19
P004400	W 21446
P004401	W 21450
P004403	W 21456
P004404	W 21463
P004405	W 21464,a
P004406	W 21464,b
P004407	W 21498
P004408	W 21500 + W 21555?
P004409	W 21534
P004410	W 21537
P004411	W 21554
P004413	W 21559
P004414	W 21562
P004415	W 21570
P004416	W 21590
P004417	W 21598
P004418	W 21601
P004419	W 21607
P004420	W 21608
P004421	W 21612
P004422	W 21644
P004423	W 21654,1
P004424	W 21654,2
P004425	W 21654,3
P004426	W 21654,4
P004427	W 21654,5
P004428	W 21654,6
P004429	W 21654,7
P004430	W 21662,1
P004431	W 21662,2
P004432	W 21662,3
P004433	W 21663
P004434	W 21671
P004435	W 21678 + W 21680
P004437	W 21682
P004438	W 21691
P004439	W 21695
P004440	W 21696
P004441	W 21700
P004442	W 21733,1
P004443	W 21733,2
P004444	W 21733,3
P004445	W 21733,4
P004446	W 21733,5
P004447	W 21733,6
P004448	W 21733,7
P004449	W 21733,8
P004450	W 21734,1
P004451	W 21734,2
P004452	W 21735,1 + W 21738?
P004453	W 21735,2
P004454	W 21736
P004456	W 21742
P004457	W 21744
P004458	W 21755
P004459	W 21760
P004460	W 21771
P004461	W 21814
P004462	W 21839,1
P004463	W 21839,2
P004464	W 21839,3
P004465	W 21840
P004466	W 21842
P004467	W 21848
P004468	W 21859
P004469	W 21864
P004470	W 21869
P004471	W 21876
P004472	W 21878
P004473	W 21880
P004474	W 21883
P004475	W 21897
P004476	W 21902
P004477	W 21912
P004478	W 21913
P004479	W 21914
P004480	W 21934
P004481	W 22090,1a
P004482	W 22090,1b
P004483	W 22090,1c
P004484	W 22090,1d
P004485	W 22090,1e
P004486	W 22090,4
P004487	W 22090,6
P004488	W 22090,7
P004489	W 22091,0
P004490	W 22091,1 + W 22118,2
P004491	W 22091,2
P004492	W 22091,4
P004493	W 22091,5
P004494	W 22091,6
P004495	W 22091,7
P004496	W 22098
P004497	W 22099
P004498	W 22100,0
P004499	W 22100,01
P004500	W 22100,02
P004501	W 22100,03
P004502	W 22100,04
P004503	W 22100,05
P004504	W 22100,06
P004505	W 22100,07
P004506	W 22100,08
P004507	W 22100,09
P004508	W 22100,10
P004509	W 22101,0
P004510	W 22101,1
P004511	W 22101,2
P004512	W 22101,3
P004513	W 22101,4
P004514	W 22101,5
P004515	W 22101,6
P004516	W 22101,8
P004517	W 22101,9c
P004518	W 22101,9d
P004519	W 22101,9e
P004520	W 22101,9f
P004521	W 22101,9g
P004522	W 22102,0
P004523	W 22102,1
P004524	W 22102,2
P004525	W 22102,3
P004526	W 22102,4
P004527	W 22102,5 + W 22103,4 + W 22104,1
P004528	W 22102,6
P004529	W 22102,7
P004530	W 22102,8
P004531	W 22102,9
P004532	W 22102,9a
P004535	W 22102,9d
P004537	W 22102,9f
P004539	W 22102,9h
P004541	W 22102,9j
P004542	W 22103,0
P004543	W 22103,1
P004544	W 22103,2
P004545	W 22103,3
P004547	W 22103,5
P004548	W 22103,6
P004549	W 22103,7
P004550	W 22103,8
P004551	W 22103,9
P004553	W 22104,2
P004554	W 22104,3
P004555	W 22104,4a
P004556	W 22104,4b
P004557	W 22104,4c
P004558	W 22104,4d
P004559	W 22104,4e
P004560	W 22104,4f
P004561	W 22104,4g
P004562	W 22104,4h
P004563	W 22104,4i
P004564	W 22104,4j
P004565	W 22104,4k
P004566	W 22104,4l
P004567	W 22104,4m
P004568	W 22112
P004569	W 22113
P004570	W 22114
P004571	W 22115,1
P004572	W 22115,2
P004573	W 22115,3
P004574	W 22115,4
P004575	W 22115,5
P004576	W 22115,6
P004577	W 22115,7
P004578	W 22115,8
P004579	W 22115,9
P004580	W 22116,0
P004581	W 22116,1
P004582	W 22116,3
P004583	W 22116,4
P004584	W 22116,5
P004585	W 22116,6
P004586	W 22116,7
P004587	W 22116,8
P004588	W 22116,9
P004589	W 22117,1 + W 22117,2
P004591	W 22117,3
P004592	W 22117,4
P004594	W 22117,5b
P004595	W 22117,5c
P004598	W 22117,5f
P004599	W 22118,0
P004600	W 22118,1
P004602	W 22118,3 + W 22123,i+o
P004603	W 22118,4
P004604	W 22118,5
P004605	W 22118,8
P004606	W 22118,9
P004607	W 22119,0
P004608	W 22119,1
P004609	W 22119,2
P004610	W 22119,3
P004611	W 22119,6
P004612	W 22119,7
P004613	W 22119,8
P004614	W 22119,9
P004615	W 22120,0
P004616	W 22120,1
P004617	W 22120,2
P004618	W 22120,3
P004619	W 22120,4
P004620	W 22120,5
P004621	W 22120,6
P004622	W 22120,7
P004623	W 22120,8
P004624	W 22120,9
P004625	W 22121,0
P004626	W 22121,1
P004627	W 22121,2
P004628	W 22121,3
P004629	W 22121,4
P004630	W 22121,5
P004631	W 22121,6
P004632	W 22121,7
P004633	W 22121,8
P004634	W 22121,9
P004635	W 22122,0 + W 22122,1
P004637	W 22122,2
P004638	W 22122,3a
P004639	W 22122,3b
P004640	W 22122,4
P004641	W 22122,5
P004642	W 22123,a
P004643	W 22123,b
P004644	W 22123,c
P004645	W 22123,d
P004646	W 22123,e
P004647	W 22123,f
P004648	W 22123,g
P004649	W 22123,h
P004651	W 22123,j
P004652	W 22123,k
P004653	W 22123,l
P004654	W 22123,m
P004655	W 22123,n
P004657	W 22123,p
P004658	W 22123,q
P004659	W 22133
P004660	W 22134
P004661	W 22135,0
P004662	W 22135,1
P004663	W 22135,2 + W 22135,3
P004665	W 22135,6
P004666	W 22137
P004667	W 22170
P004668	W 22200
P004670	W 22421
P004671	W 22720,3a
P004672	W 23850
P004673	W 23851
P004674	W 23895
P004675	W 23948
P004676	W 23950
P004677	W 23951
P004678	W 23952
P004679	W 23968
P004680	W 23969,1
P004681	W 23969,2
P004682	W 23972,1
P004683	W 23972,2
P004684	W 23973,01
P004685	W 23973,03
P004686	W 23973,04
P004687	W 23973,05
P004688	W 23973,06
P004689	W 23973,07a
P004690	W 23973,07b
P004691	W 23973,08
P004692	W 23973,09a
P004693	W 23973,09b
P004694	W 23973,10a
P004695	W 23973,10b
P004696	W 23982,1
P004697	W 23982,2a
P004698	W 23982,2b
P004699	W 23982,3
P004700	W 23982,4a
P004701	W 23982,4b
P004702	W 23982,5
P004703	W 23983,a
P004704	W 23983,b
P004705	W 23983,c
P004706	W 23983,d
P004707	W 23983,f
P004708	W 23986,b
P004709	W 23987
P004710	W 23988
P004711	W 23990,a
P004712	W 23990,b
P004713	W 23990,c
P004714	W 23990,d
P004715	W 23990,e
P004716	W 23991,a
P004717	W 23991,b
P004718	W 23992
P004719	W 23993
P004720	W 23994
P004721	W 23995
P004722	W 23997,1
P004723	W 23997,3
P004724	W 23997,4b
P004725	W 23997,4c
P004726	W 23997,4d
P004727	W 23997,4e
P004728	W 23998,1a
P004729	W 23998,2a
P004730	W 23998,2b
P004731	W 23998,2c
P004732	W 23998,2d
P004733	W 23998,2e
P004734	W 23998,2f
P004735	W 23999,1
P004736	W 23999,2
P004737	W 23999,3
P004738	W 23999,4a
P004739	W 23999,4b
P004740	W 23999,4d
P004741	W 23999,4e
P004742	W 23999,4f
P004743	W 23999,5a
P004744	W 24004,02
P004745	W 24004,02b
P004746	W 24004,02c
P004747	W 24004,03b
P004748	W 24004,04a
P004749	W 24004,04c + W 24004,04d
P004750	W 24004,04e
P004751	W 24004,04f
P004752	W 24004,05
P004753	W 24004,06
P004754	W 24004,07
P004755	W 24004,08a
P004756	W 24004,08b
P004757	W 24004,10
P004758	W 24004,11
P004759	W 24004,12
P004760	W 24004,13
P004761	W 24004,14b
P004762	W 24004,14d
P004763	W 24006,02
P004764	W 24006,03
P004765	W 24006,05
P004766	W 24006,06a
P004767	W 24006,06b
P004768	W 24006,07
P004769	W 24006,08
P004770	W 24006,09
P004771	W 24006,10
P004772	W 24006,11
P004773	W 24007,1
P004774	W 24007,3
P004775	W 24007,4
P004776	W 24007,5
P004777	W 24007,6
P004778	W 24008,08
P004779	W 24008,12
P004780	W 24008,14
P004781	W 24008,15
P004782	W 24008,17
P004783	W 24008,19
P004784	W 24008,20
P004785	W 24008,21
P004786	W 24008,22
P004787	W 24008,24
P004788	W 24008,25
P004789	W 24008,26
P004790	W 24008,27a
P004791	W 24008,27b
P004792	W 24008,27c
P004793	W 24008,27d
P004794	W 24008,27e
P004795	W 24008,27f
P004796	W 24010,5
P004797	W 24010,6
P004798	W 24011,1
P004799	W 24011,2
P004800	W 24011,3
P004801	W 24011,4
P004802	W 24011,6
P004803	W 24011,7
P004804	W 24011,8
P004805	W 24011,9
P004806	W 24012,01
P004807	W 24012,04
P004808	W 24012,05
P004809	W 24012,06
P004811	W 24012,09
P004812	W 24012,10
P004814	W 24013,01
P004815	W 24013,02
P004816	W 24013,03
P004817	W 24013,04
P004818	W 24013,06
P004819	W 24013,08
P004820	W 24013,09
P004821	W 24013,10
P004822	W 24013,11b
P004823	W 24013,11c
P004824	W 24013,11d
P004825	W 24013,11e
P004826	W 24013,11f
P004827	W 24013,12
P004828	W 24013,13
P004829	W 24013,15
P004830	W 24013,16
P004831	W 24013,19
P004832	W 24013,20
P004833	W 24013,21
P004834	W 24013,22
P004835	W 24013,23
P004836	W 24013,24
P004837	W 24013,25
P004838	W 24014
P004839	W 24015,3
P004840	W 24015,4
P004841	W 24015,5
P004842	W 24017
P004843	W 24018,1
P004844	W 24018,2
P004845	W 24018,3
P004846	W 24018,4
P004847	W 24018,7
P004848	W 24018,8
P004849	W 24021,01
P004850	W 24021,02
P004851	W 24021,03
P004852	W 24021,04
P004853	W 24021,05
P004854	W 24021,06
P004855	W 24021,07
P004856	W 24021,08
P004857	W 24021,09
P004858	W 24021,10
P004859	W 24021,11
P004860	W 24021,13
P004861	W 24021,14
P004862	W 24021,15
P004863	W 24021,16
P004864	W 24021,18a
P004865	W 24021,18b
P004866	W 24021,18c
P004867	W 24021,18d
P004868	W 24021,18e
P004869	W 24021,18f
P004870	W 24022
P004871	W 24024,1
P004872	W 24024,2
P004873	W 24025
P004874	W 24026
P004875	W 24027
P004876	W 24028,1
P004877	W 24029,1
P004878	W 24030
P004879	W 24031
P004880	W 24033,01
P004881	W 24033,02
P004882	W 24033,03
P004883	W 24033,04
P004884	W 24033,05
P004885	W 24033,06
P004886	W 24033,07
P004887	W 24033,09
P004888	W 24033,10
P004889	W 24034
P004890	W 24046,1
P004891	W 24046,2
P004892	W 24046,3
P004893	W 24046,4
P004894	W 24046,5
P004895	W 24046,6
P004896	W 24046,7
P004897	W 24046,8
P004898	W 24047
P004899	W 24049
P004900	W 24050
P004901	W 24051
P004902	W 24060
P004903	W 24061
P004904	W 24062
P004905	W 24153
P004906	W 24156
P004907	W 24159
P004908	W 24160
P004909	W 24162
P004910	W 24181,a
P004911	W 24181,b
P004912	W 24181,c
P004913	W 24181,d
P004914	W 24181,e
P004915	W 24181,f
P004916	W 24182
P004917	W 24183
P004918	W 24184
P004919	W 24185
P004920	W 24186
P004921	W 24187
P004922	W 24188
P004923	W 24189
P004924	W 24190
P004925	W 24191
P004926	W 24192,a
P004927	W 24192,b
P004928	W 24193,a
P004929	W 24193,b
P004930	W 24193,c
P004931	W 24195
P004932	W 24196
P004933	W 24198
P004934	W 24199
P004935	W 24200
P004936	W 24200,a
P004937	W 24201,a
P004938	W 24202
P004939	W 24203,b
P004940	W 24203,c
P004941	W 24203,d
P004942	W 24204,1
P004943	W 24204,2
P004944	W 24207
P004945	W 24208
P004946	W 24210
P004947	W 24211
P004948	W 24212,1
P004949	W 24212,2
P004950	W 24212,4
P004951	W 24212,5
P004952	W 24212,6
P004953	W 24212,7
P004954	W 24212,8
P004955	W 24213
P004956	W 24214,1
P004957	W 24214,3
P004958	W 24215
P004959	W 24216
P004960	W 24217,a
P004961	W 24217,c
P004962	W 24218
P004963	W 24220
P004964	W 24221
P004965	W 24224
P004966	W 24235
P004967	W 24236
P004968	W 24237
P004969	W 24238
P004970	W 24239
P004971	W 24240
P004972	W 24241
P004973	W 24242,1
P004974	W 24242,2
P004975	W 24243,2
P004976	W 24244,1
P004977	W 24244,2
P004978	W 24244,3
P004979	W 24244,4
P004980	W 24244,5
P004981	W 24245
P004982	W 24246
P004983	W 24246,bis
P004984	W — HD 01
P004985	W — HD 02
P004986	W — HD 03
P004987	W — HD 04
P004988	W — HD 13
P004989	W — HD 14
P004990	W — HD 15
P004991	W — HD 16
P004992	W — HD 17
P004993	W — HD 18
P004994	W — HD 19
P004995	W — HD 20
P004996	W — HD 21
P004997	W — HD 22
P004998	W — ?
P004999	W — ?
P005001	W — ?
P005002	W — ?
P005004	W — ?
P005005	W — ?
P005006	W — ?
P005007	W — ?
P005008	W — ?
P005009	W — ?
P005010	W — ?
P005011	W — ?
P005012	W — ?
P005013	W — ?
P005014	W — ?
P005015	W — ?
P005016	W — ?
P005017	W — ?
P005018	W — ?
P005019	W — ?
P005020	W — ?
P005021	W — ?
P005022	W — ?
P005023	W — ?
P005026	W — ?
P005027	W — ?
P005028	W — ?
P005029	W — ?
P005031	W 99999,zz
P005032	W 99999,zz
P005033	W 99999,zz
P005034	W — ?
P005035	W — ?
P005037	W — ?
P005038	W — ?
P005039	W — ?
P005040	W — ?
P005041	W — ?
P005043	W — ?
P005044	W — ?
P005045	W — ?
P005047	W — ?
P005048	W — ?
P005049	W — ?
P005050	W — ?
P005051	W — ?
P005052	W — ?
P005053	W — ?
P005056	W — ?
P005057	W — ?
P005058	W — ?
P005059	W — ?
P005060	W — ?
P005061	W — ?
P005062	W — ?
P005063	W — ?
P005064	W — ?
P005065	W — ?
P005066	W — ?
P005068	Ashm 1926,561
P005069	Ashm 1926,583
P005070	Ashm 1926,577
P005071	Ashm 1926,638
P005072	Ashm 1926,653 + Ashm 1926,717
P005074	Ashm 1926,587
P005075	Ashm 1926,622
P005076	Ashm 1926,689
P005080	Ashm 1926,597
P005081	Ashm 1926,605
P005082	Ashm 1926,670
P005083	Ashm 1926,710
P005084	Ashm 1926,667
P005085	Ashm 1926,611
P005086	Ashm 1928,581
P005087	Ashm 1926,619
P005088	Ashm 1926,624
P005089	Ashm 1926,706
P005090	Ashm 1926,628
P005091	Ashm 1926,635
P005093	Ashm 1926,623+691
P005094	Ashm 1926,630
P005095	Ashm 1927,62
P005098	Ashm 1926,633
P005099	Ashm 1927,56
P005110	Ashm 1926,733+Frag
P005111	Ashm 1926,672 + 736
P005112	Ashm 1926,669
P005113	Ashm 1926,707
P005114	Ashm 1926,578
P005115	Ashm 1927,57
P005116	Ashm 1926,603
P005117	Ashm 1926,656
P005118	Ashm 1926,661
P005119	Ashm 1926,590
P005120	Ashm 1926,659
P005121	Ashm 1926,595
P005124	Ashm 1927,55.2
P005125	Ashm 1927,46
P005126	Ashm 1927,65g
P005127	Ashm 1927,63
P005128	Ashm 1927,64
P005129	Ashm 1926,745
P005130	Ashm 1926,747
P005131	Ashm 1926,748
P005132	Ashm 1926,708
P005134	Ashm 1926,730
P005136	Ashm 1926,743
P005137	Ashm 1926,698
P005138	Ashm 1926-612
P005139	Ashm 1926,727
P005140	Ashm 1926,718
P005141	Ashm 1926,614
P005142	Ashm 1927,53
P005143	Ashm 1927,47
P005144	Ashm 1927,65a
P005145	Ashm 1926,662
P005146	Ashm 1927,65j
P005147	Ashm 1926,666
P005148	Ashm 1926,637
P005149	Ashm 1927,49
P005150	Ashm 1926,563
P005152	Ashm 1926,617
P005153	Ashm 1926,642
P005154	Ashm 1926,705
P005155	Ashm 1926,699
P005156	Ashm 1926,575
P005157	Ashm 1926,581
P005158	Ashm 1926,697
P005159	Ashm X
P005160	Ashm 1926,564
P005161	Ashm 1926,582+700?+721
P005162	Ashm 1926,576
P005163	Ashm 1926,599
P005164	Ashm 1926,616+729
P005165	Ashm 1926,664
P005166	Ashm 1926,585
P005167	Ashm 1926,655
P005168	Ashm Z
P005169	Ashm 1926,719
P005170	Ashm 1926,570
P005171	Ashm 1926,615
P005172	Ashm 1927,65i
P005173	Ashm 1926,704
P005174	Ashm 1926,573
P005175	Ashm 1926,562
P005176	Ashm 1926,572
P005177	Ashm 1926,668
P005178	Ashm 1926,567
P005179	Ashm 1928,445a
P005180	Ashm 1926,588a
P005181	Ashm 1926,645
P005182	Ashm 1926,636
P005183	Ashm 1926,639
P005184	Ashm 1926,646
P005185	Ashm 1927,65b
P005186	Ashm 1926,627
P005187	Ashm 1928,444
P005188	Ashm 1926,586
P005189	Ashm 1926,589
P005190	Ashm 1926,711
P005192	Ashm 1926,571
P005193	Ashm 1926,610
P005194	Ashm 1926,644
P005195	Ashm 1927...?
P005196	Ashm 1926,723
P005197	Ashm 1926,592
P005198	Ashm 1926,687
P005199	Ashm 1926,665
P005200	Ashm 1926,640
P005201	Ashm 1926,726
P005202	Ashm 1926,696a+b+701
P005203	Ashm 1926,660
P005204	Ashm 1926,722
P005205	Ashm 1926,652
P005206	Ashm 1926,720
P005207	Ashm 1926,657
P005208	Ashm 1927,65e
P005209	Ashm 1926,601
P005210	Ashm 1926,713+734
P005211	Ashm 1926,703
P005212	Ashm 1926,593
P005213	Ashm 1926,569
P005214	Ashm 1926,695+737+741
P005215	Ashm 1926,739
P005216	Ashm 1926,709
P005218	Ashm 1926,671
P005219	Ashm 1927,61
P005220	Ashm 1927,54
P005221	Ashm 1926,641
P005222	Ashm 1926,674
P005223	Ashm 1927,55.1
P005224	Ashm 1927,65h
P005225	Ashm 1926,673b
P005226	Ashm 1926,725
P005227	Ashm 1926,584
P005228	Ashm 1926,591
P005229	Ashm 1926,694a
P005230	Ashm 1926,608
P005231	Ashm 1926,738
P005232	Ashm 1926,607
P005233	Ashm 1926,658
P005234	Ashm 1926,673
P005235	JN 72
P005236	Ashm 1926,648
P005237	Ashm 1926,740
P005238	Ashm 1926,694
P005239	Ashm 1926,675
P005240	Ashm 1926,609
P005241	Ashm 1926,712
P005242	Ashm 1926,600
P005243	Ashm 1926,649
P005244	Ashm 1926,568
P005245	Ashm 1926,594
P005246	Ashm 1926,565
P005247	Ashm 1926,735
P005248	Ashm 1926,598
P005249	Ashm 1926,714
P005250	Ashm 1926,629
P005251	Ashm 1926,602
P005252	Ashm 1926,580
P005253	Ashm 1926,688
P005254	Ashm 1926,702
P005255	Ashm 1926,613
P005256	Ashm 1926,596
P005257	Ashm 1926,631
P005258	Ashm 1926,663
P005259	Ashm 1926,580b
P005260	Ashm 1926,742
P005261	Ashm 1926,588b
P005262	Ashm 1926,731
P005263	Ashm 1928,580
P005264	Ashm 1927,58
P005265	Ashm 1926,715
P005266	Ashm 1927,65f
P005267	Ashm 1927,51
P005268	Ashm 1927,65d
P005269	Ashm 1927,60
P005270	Ashm 1927,52
P005272	Ashm 1928,014
P005273	Ashm 1927,65c
P005274	Ashm 1926,724
P005275	Ashm 1926,626
P005277	Ashm 1926,728
P005279	Ashm 1926,566
P005280	Ashm 1926,647
P005281	Ashm 1926,579
P005282	Ashm 1926,651
P005283	Ashm 1926,606
P005284	Ashm 1926,574+680
P005285	Ashm 1926,643
P005286	Ashm 1926,690
P005287	Ashm 1926,604
P005288	Ashm 1926,654
P005290	Ashm 1926,650
P005291	Ashm 1924,0924
P005292	Ashm 1926,621
P005293	Ashm 1926,692
P005294	Ashm 1926,693
P005295	Ashm 1926,746
P005296	Ashm Y
P005297	Ashm 1927,59
P005298	Ashm 1927,50
P005299	Ashm 1926,625
P005300	Ashm 1926,716+732
P005301	Ashm 1927,48
P005302	Ashm 1926,584a
P005305	Ashm 1926,676
P005306	Ashm 1926,677
P005307	Ashm 1937,626
P005308	Ashm 1929,836
P005309	Ashm 1928,474
P005438	Uq 2, 298
P005439	Uq 2, 299
P005440	Uq 2, 300 ?
P005441	Uq 2, 300 ?
P005476	Ashm 1926, 56
P005481	TA 1930 —
P005482	TA 1930 —
P005573	Talon 1
P006000	W 14731,ag02
P006001	W 14731,ag03
P006002	W 14731,ag04
P006003	W 14731,ag05
P006004	W 14731,ag06
P006005	W 14731,ag07
P006006	W 14731,ag09
P006007	W 14731,ag10
P006008	W 14731,ag11
P006009	W 14731,ag12
P006010	W 14731,ag13
P006011	W 14731,ag14
P006012	W 14731,ag15
P006014	W 02656,a
P006015	W 02656,b
P006016	W 20514,1
P423593	W 14873
