signI	signJ	{measureName}
1(N01)	2(N01)	801.5340948255239
1(N01)	1(N14)	647.0981364486814
1(N01)	EN~a	578.8217120092608
1(N14)	2(N01)	578.1896733250467
1(N01)	3(N01)	512.5514863950665
2(N01)	3(N01)	443.51090568713084
1(N01)	N	437.9059796123306
1(N14)	3(N01)	416.3577221050768
1(N01)	AN	404.7998036626207
1(N01)	GAL~a	388.8321727098084
1(N14)	5(N01)	386.38964605485205
1(N01)	4(N01)	376.60322699534765
1(N01)	5(N01)	373.64420831395665
1(N14)	2(N14)	368.4192121030513
2(N01)	EN~a	359.6369812646875
1(N01)	SZE~a	355.76511347947024
1(N01)	2(N14)	355.06366278400003
1(N01)	U4	352.0512651114732
2(N01)	2(N14)	347.3352065096288
1(N14)	4(N01)	343.83513336483423
2(N01)	4(N01)	338.3931055335048
2(N01)	5(N01)	328.2891931028889
1(N14)	EN~a	302.6009403522438
1(N01)	PAP~a	302.0115960910133
1(N14)	1(N34)	300.54128455391594
1(N01)	SAL	295.3077726429511
1(N01)	NUN~a	292.17460744816265
1(N01)	BA	287.92043821959993
1(N01)	GI	287.55032932456794
2(N14)	3(N01)	283.07177851701033
1(N01)	1(N57)	282.0553780560849
1(N01)	SANGA~a	281.72587255876795
1(N01)	BU~a	279.65151747824575
1(N01)	SZU	264.3159553203987
3(N01)	5(N01)	261.79811861466294
3(N01)	4(N01)	256.43229613996584
1(N01)	1(N34)	256.4313980299274
1(N01)	A	252.53867735944462
1(N01)	NAM2	247.9001380228413
1(N14)	3(N14)	246.78674535612214
1(N01)	UDU~a	246.1222228220906
3(N01)	EN~a	243.55685956370974
1(N14)	SZE~a	243.22917200081895
1(N01)	E2~a	242.20119510826646
AN	EN~a	236.2658541999152
2(N01)	SZE~a	233.8381366000858
2(N14)	5(N01)	233.677068610359
1(N34)	2(N14)	228.88801755642535
1(N01)	3(N14)	228.48096177871835
1(N01)	3(N57)	227.716320294867
2(N01)	U4	225.6721803219067
2(N01)	AN	224.93972316856755
2(N14)	4(N01)	223.9152961102633
EN~a	PAP~a	220.3729432138045
1(N01)	6(N01)	217.07994885246998
1(N01)	DU	213.68373773123716
2(N01)	3(N14)	211.9553763915323
1(N34)	2(N01)	211.34285022591536
1(N14)	6(N01)	209.57335817651776
2(N01)	BA	207.7894826706768
2(N14)	3(N14)	207.3427446730629
1(N01)	ME~a	206.6536109450463
1(N01)	AB~a	206.38708144220143
2(N01)	PAP~a	204.47655538593813
1(N01)	SAG	202.50313309881392
1(N14)	U4	201.8398808106113
2(N01)	SAL	198.91139972230903
4(N01)	5(N01)	198.82694573532663
EN~a	NUN~a	197.92775089371665
2(N14)	EN~a	195.99977262318538
2(N01)	UDU~a	195.54651402545844
1(N57)	2(N01)	194.67455840293084
5(N01)	EN~a	191.521518868526
1(N14)	BA	191.36302035795018
2(N01)	6(N01)	190.07963819397875
1(N01)	KI	189.2734336107679
3(N01)	SZE~a	189.00757151981767
1(N01)	HI	187.8973642752721
EN~a	SZE~a	187.13048829857465
1(N01)	SI	186.9854427859787
1(N01)	PA~a	186.09183562334073
1(N14)	AN	184.64714623547962
1(N14)	UDU~a	184.32403570172852
DU	EN~a	184.0479868869255
1(N01)	KU6~a	182.57444133451858
2(N14)	SZE~a	180.72047672482924
EN~a	SZU	176.93218827979433
4(N01)	EN~a	175.929182864128
1(N01)	TUR	175.14866309926316
1(N14)	GI	174.7934287827348
1(N01)	SZU2	174.72759685386472
2(N01)	SZU	173.60826997095484
2(N01)	GI	173.48007782511232
1(N34)	3(N14)	173.13631927175908
EN~a	U4	171.44167427367927
3(N01)	U4	169.7732376902412
3(N01)	3(N14)	169.7460274486249
EN~a	GAL~a	167.6359907693955
1(N14)	1(N57)	167.0476971007639
1(N14)	PAP~a	166.620201239643
1(N01)	GA~a	166.60532990109908
3(N14)	5(N01)	166.5900205835824
3(N01)	AN	164.55240885590572
1(N57)	U4	163.69359512079552
1(N01)	NE~a	162.80499808164396
1(N01)	TE	162.1055356405623
1(N01)	BAR	161.79510246080451
1(N01)	7(N01)	160.8913607395644
1(N14)	8(N01)	160.76562171147182
2(N01)	BU~a	158.6427276110854
1(N14)	4(N14)	157.45453246016618
2(N01)	E2~a	157.34741240683118
1(N14)	SAL	157.33366855910026
1(N34)	5(N01)	157.218683844956
EN~a	SAL	156.634288486591
1(N14)	7(N01)	155.94645771338918
2(N01)	A	155.7989322096148
1(N01)	SZITA~a1	154.63736098105895
EN~a	GI	153.59567576457172
BU~a	EN~a	153.43008109221051
1(N34)	3(N01)	153.30011545070855
2(N01)	NUN~a	152.93968779016237
2(N01)	3(N57)	152.8322227893959
3(N57)	EN~a	152.7071036073838
3(N01)	BA	152.63304907363118
1(N01)	NI~a	152.20429162774582
3(N01)	6(N01)	152.1980762813207
A	EN~a	151.322900057133
2(N01)	SANGA~a	149.1416171442997
GAL~a	SANGA~a	148.69848341902934
3(N14)	4(N01)	148.0675307011603
NAM2	SZE~a	148.05640900394891
1(N01)	AB2	148.00346202848215
1(N01)	4(N14)	147.80463227199488
1(N01)	SZUBUR	147.59080357517922
BA	EN~a	147.39881677645343
EN~a	SANGA~a	145.1971249243009
1(N01)	GAR	144.75619264245023
1(N01)	8(N01)	144.5872686140745
2(N01)	DU	144.39067498342527
2(N01)	GAL~a	144.06470055115565
2(N14)	6(N01)	143.57016162894146
2(N01)	4(N14)	143.3791807701791
BU~a	PAP~a	142.91469619705725
3(N01)	UDU~a	142.25146391661494
2(N14)	4(N14)	141.07423553056415
3(N01)	PAP~a	140.15553144455507
3(N01)	SAL	139.89691102267403
1(N34)	4(N01)	139.296374457518
1(N01)	MUSZ3~a	139.12746574415118
EN~a	KI	138.8082020167851
4(N01)	SZE~a	138.78702386616348
1(N01)	IB~a	138.53112359798365
1(N01)	DUG~b	137.83387909590294
1(N01)	GISZ	137.02346126229747
1(N57)	3(N01)	136.74198733699126
E2~a	EN~a	136.56335011165908
1(N14)	3(N57)	135.6700693522229
3(N14)	EN~a	135.6262042968509
SZE~a	U4	134.80887680804474
EN~a	ME~a	133.73402930809874
4(N01)	U4	132.61005219177954
1(N14)	SZU	132.53543035692965
1(N34)	4(N14)	132.09522692965493
PAP~a	SAL	131.96119637247583
2(N01)	7(N01)	131.93494809625227
EN~a	PA~a	131.81773331134016
1(N14)	SANGA~a	131.51436004797318
2(N01)	8(N01)	131.50471446886237
1(N01)	MUSZEN	131.35100913018005
5(N01)	6(N01)	131.04120959141346
1(N14)	E2~a	130.97522707831976
4(N01)	6(N01)	130.76401385759075
1(N14)	A	130.44823829891735
1(N14)	5(N14)	130.03313309885692
EN~a	NAM2	129.703513373553
1(N01)	KUR~a	128.88312243175415
EN~a	SAG	128.50716762619547
5(N01)	U4	127.90079648539732
5(N01)	SZE~a	127.63241149555701
EN~a	SI	127.49227491403664
1(N14)	GAL~a	127.40854287949269
2(N01)	PA~a	127.11362600580689
3(N57)	PAP~a	126.98653748840694
3(N01)	GI	126.78490416407779
1(N34)	EN~a	126.53564903581912
1(N57)	EN~a	125.41636837708992
2(N14)	U4	125.07020714774983
3(N01)	SZU	124.84283778642043
4(N14)	5(N01)	124.74260037513397
2(N01)	ME~a	124.50426516751168
1(N01)	DUG~c	124.16301267970282
AN	U4	123.54217526984131
1(N01)	SU~a	123.39442073009165
2(N01)	NAM2	122.88346998981419
2(N01)	KI	122.8755379535367
GI	SZE~a	122.17822697011745
2(N14)	BA	122.16578657687963
2(N01)	SAG	122.14341684922148
3(N14)	SZE~a	122.09410195113178
2(N01)	SI	120.7984147062598
BA	SZE~a	120.74692957254078
1(N01)	KU3~a	120.28532743367408
1(N01)	TUG2~a	120.23353064282051
2(N01)	SZU2	120.20797402635968
3(N01)	A	119.88570476754208
AN	PAP~a	119.47161877856979
3(N01)	4(N14)	119.32537280083862
1(N14)	NUN~a	119.23233911514933
1(N14)	DU	118.48065892988407
EN~a	HI	118.23474379581967
2(N01)	AB~a	117.928409791464
PAP~a	SZU	117.92355622710795
2(N14)	SAL	117.64228263366634
PAP~a	SZE~a	117.41578027490156
1(N01)	DA~a	117.27663665338898
2(N01)	KU6~a	117.20448569937211
AN	NUN~a	117.16259976917736
1(N57)	5(N01)	117.008052846644
1(N14)	9(N01)	116.78386628412613
A	AN	116.74391186999917
4(N01)	AN	116.52838047952578
1(N01)	RU	116.3781276815321
3(N01)	7(N01)	116.27961687935795
3(N01)	NUN~a	115.12198397005682
1(N57)	2(N14)	114.62673643826446
DU	PAP~a	114.20166070684162
AN	SZU	114.1547658032547
3(N01)	3(N57)	114.09007984543905
AB~a	EN~a	113.90978268704832
1(N14)	BU~a	113.77792889306782
4(N01)	BA	113.70040431221253
2(N14)	AN	113.18865470825355
AN	SZE~a	112.7811507258473
5(N01)	AN	112.72537555018705
5(N01)	UDU~a	112.54599952262917
1(N01)	MASZ	112.01096173398055
3(N01)	BU~a	111.85290126675324
2(N14)	UDU~a	111.75812794261374
3(N01)	GAL~a	111.37477632985264
1(N01)	TAK4~a	110.92276341348948
1(N14)	KU6~a	110.90991992513156
BA	GI	110.80662053890185
2(N14)	GI	110.53082680377165
3(N01)	8(N01)	110.44523959287353
GAL~a	N	109.76208564698806
1(N01)	5(N14)	109.35289394946604
1(N01)	RAD~a	109.21847929529748
1(N01)	SUHUR	109.17759622011238
2(N14)	7(N01)	108.99597678422437
AN	BU~a	108.84232929631165
AN	SAL	108.73272942354863
1(N14)	KI	108.72528825349254
1(N14)	2(N34)	108.66918335445835
1(N14)	PA~a	108.48870552009238
PAP~a	U4	108.27944263330474
1(N01)	9(N01)	107.67285617927587
1(N14)	GAR	107.31584253541621
3(N14)	4(N14)	107.3101577678986
2(N01)	BAR	107.28412973428586
EN~a	SZU2	106.97592294609794
5(N01)	SAL	106.95246394111861
3(N01)	DU	106.24933553919833
2(N01)	NI~a	105.68525898750136
EN~a	UDU~a	105.21898319110457
1(N14)	SZU2	105.13021737869522
1(N57)	4(N01)	104.5749145538532
4(N01)	4(N14)	104.2335683954484
4(N01)	UDU~a	104.17455553065487
6(N01)	EN~a	104.15723467832623
GI	PAP~a	104.07562512184606
1(N01)	APIN~a	104.07531795957277
AN	MUSZ3~a	103.91705225767024
3(N01)	SANGA~a	103.91290607507942
2(N01)	5(N14)	103.82163270716049
2(N14)	PAP~a	103.59393967489764
1(N01)	GU7	103.50728231465277
5(N01)	PAP~a	102.9881400602891
EN~a	KU6~a	102.48477358098059
1(N01)	DI	102.47703857966602
1(N01)	KISAL~b1	102.27523701923667
AN	BA	102.2731619801865
5(N01)	8(N01)	102.18407423482132
2(N01)	TUR	102.17790971560187
GAL~a	NAM2	101.6675674987153
5(N01)	BA	101.47990667118002
EN~a	TE	101.18497543919568
EN~a	TUR	101.02902637944868
1(N01)	UNUG~a	101.01313789665967
3(N01)	E2~a	100.96081278123212
2(N01)	9(N01)	100.90397410630918
1(N14)	ME~a	100.8111915666091
1(N01)	TUR3~a	100.76003571106578
BU~a	SZE~a	100.40480538074891
1(N01)	UD5~a	100.38794397428673
2(N14)	2(N34)	100.10683149684479
A	BU~a	99.97159200532982
SAL	U4	99.70445927409932
AN	KI	99.61036184549346
AN	GI	99.45111959527487
EN~a	IB~a	99.44096063018088
BA	U4	98.61760786600999
1(N57)	BAR	98.49368466301117
3(N57)	E2~a	98.30692503233529
3(N01)	5(N14)	98.02784796898958
1(N01)	GA2~a1	97.94468971506713
3(N57)	SAL	97.83914036813486
1(N01)	DUG~a	97.67196935715454
2(N01)	HI	97.49334948661718
1(N01)	1(N24)	97.46612640772322
1(N57)	SAL	97.30860083234116
4(N01)	GI	97.16654423448908
4(N01)	SAL	97.07484291401609
2(N01)	GAR	96.79911128415277
1(N14)	NAM2	96.74300371836041
5(N01)	GI	96.73774892764312
1(N14)	BAR	96.66640708047247
A	SZE~a	96.54446864492982
GI	U4	96.43354293383786
1(N34)	2(N34)	96.41154149616514
3(N57)	U4	96.39440374770747
1(N45)	SZE~a	96.09833404193381
A	PAP~a	96.02011831112222
1(N01)	ZATU753	95.9889131590351
5(N01)	7(N01)	95.81932277778257
1(N34)	SZE~a	95.68658186920048
1(N14)	SI	95.58060244419583
1(N14)	AB~a	95.22485675671149
1(N01)	GU4	95.18119980732307
1(N57)	BA	95.13171965495285
1(N34)	6(N01)	94.98639863098934
4(N01)	PAP~a	94.93849622523432
3(N57)	SZE~a	94.75591374780997
2(N14)	8(N01)	94.73637818540233
1(N01)	URU~a1	94.45227582073416
4(N01)	8(N01)	94.39509053129332
3(N01)	BAR	94.33303724011947
PA~a	SZE~a	94.2572320787803
2(N14)	5(N14)	94.03835101901814
1(N01)	ERIM~a	93.80752070375488
5(N14)	SZE~a	93.7792624911057
SZE~a	SZU	93.69526162378564
AN	GAL~a	93.68369890714038
AN	E2~a	93.63712951865995
1(N01)	U2~b	93.55161126900067
3(N57)	BU~a	93.4730234327714
1(N01)	SZA	93.38977277402402
3(N14)	6(N01)	92.95039147352655
1(N01)	1(N08)	92.62940332444032
SAL	SZE~a	92.57126565353943
SAL	SZU	92.3173668047033
1(N01)	E2~b	92.26438239124303
4(N14)	EN~a	91.6907486808913
1(N01)	NAGA~a	91.58009156739584
1(N01)	SUKKAL	91.37230681602108
4(N01)	7(N01)	91.21829899242611
BU~a	SAL	91.03998412560757
3(N01)	PA~a	91.01167996811589
EN~a	SZUBUR	90.50641688573207
1(N01)	MA	90.47111670316794
1(N14)	HI	90.22155665460234
1(N14)	SAG	90.1406930388263
2(N01)	SZITA~a1	90.10122789671145
5(N01)	GAL~a	90.0653259746193
1(N01)	ERIN	89.88338398305052
1(N01)	UB	89.74044991417308
AN	HI	89.7063386189789
3(N57)	AN	89.67198999400209
3(N01)	SI	89.63643721244873
SAL	SANGA~a	89.53158587299998
BU~a	NAM2	89.13464047519436
SANGA~a	SZE~a	89.13243604609312
GAL~a	SZE~a	89.07978176035196
2(N14)	NUN~a	88.75723475875218
3(N01)	SAG	88.37439509483421
2(N01)	NE~a	88.23527867422848
AN	DU	87.89598831223509
3(N57)	4(N01)	87.80634625091886
4(N01)	SZU	87.71861518291043
DU	SZE~a	87.6870553410325
A	GI	87.54413781956839
AN	SANGA~a	87.48104663232462
2(N14)	GAL~a	87.36132647340568
1(N01)	PIRIG~b1	86.90833959905733
GAL~a	NUN~a	86.85463154344924
1(N01)	SZE3	86.79071633760934
4(N14)	SZE~a	86.70213308522963
E2~a	PAP~a	86.65689416251179
1(N57)	UDU~a	86.64884278616807
2(N01)	SZUBUR	86.54069767091326
3(N57)	SZU	86.46432686017788
PAP~a	SANGA~a	86.38608693887679
NAM2	PAP~a	86.31841749899915
2(N01)	MASZ	86.23504755030982
E2~a	SZE~a	86.17350526021129
BU~a	DU	85.95754958839642
GAL~a	SZITA~a1	85.78508075491145
BU~a	E2~a	85.41822819719134
U4	UDU~a	85.34283353973356
3(N01)	NAM2	85.23939585837655
1(N34)	5(N14)	85.13402257572712
NAM2	PA~a	84.99704039183419
BA	UDU~a	84.90231048829064
3(N01)	ME~a	84.80726777330717
BU~a	U4	84.62259303870815
3(N01)	KI	84.58522252090366
3(N01)	SZU2	84.16983080897747
5(N01)	E2~a	83.72152416279133
2(N01)	KUR~a	83.60473214281733
BU~a	SZU	83.39358127239105
AN	SI	83.36957682880086
NUN~a	SANGA~a	83.09409757488629
GAL~a	SAL	83.08623788696575
EN~a	SZITA~a1	82.75825519386046
2(N01)	RU	82.74375217095245
1(N01)	U8	82.70547610253521
GI	SAL	82.43346460560649
5(N01)	NUN~a	82.38800610964225
2(N14)	E2~a	82.37364197079752
3(N14)	BA	82.08541188509113
2(N01)	MUSZ3~a	81.7612387735362
GAL~a	SZU	81.74107764854584
AN	SAG	81.73586132445807
PAP~a	SI	81.72876249596926
6(N01)	8(N01)	81.62444440669101
3(N57)	SANGA~a	81.62087531329772
3(N14)	UDU~a	81.56423783335687
A	SAL	81.47530843109267
4(N01)	NUN~a	81.42609233265752
3(N57)	GI	81.39510350276319
1(N57)	PAP~a	81.32757349230569
E2~a	SAL	81.28571101457388
BA	PAP~a	81.25318403067882
1(N01)	2(N57)	81.23378315463313
6(N01)	BA	81.23017482077756
1(N34)	1(N57)	81.15571790166713
1(N01)	AMAR	80.79161856355405
1(N34)	U4	80.76430559612834
1(N01)	KAB	80.74293119543393
3(N57)	5(N01)	80.68390929725962
3(N01)	KU6~a	80.65299163617121
2(N01)	MUSZEN	80.64335983616003
2(N01)	DUG~a	80.59935469092386
2(N01)	UD5~a	80.5700656482117
2(N01)	TE	80.3600994304677
SI	SZE~a	80.19016504672008
1(N57)	SZE~a	80.11325538550064
NUN~a	U4	79.99963539980327
SZU	U4	79.89897837144436
4(N01)	BU~a	79.86785330092454
1(N01)	DUB~a	79.82713083580443
2(N14)	A	79.77192738355471
3(N14)	5(N14)	79.70149737168218
BAR	U4	79.47164687286862
A	DU	79.46155436959104
4(N01)	E2~a	79.45550263522252
3(N57)	DU	79.25316514602437
AB~a	SZE~a	79.20037649801851
BU~a	GI	79.19234985499087
5(N14)	EN~a	79.10180957235359
2(N14)	PA~a	79.07601780179907
1(N01)	NUNUZ~a1	78.78876374231116
4(N01)	A	78.66762213349095
2(N14)	3(N57)	78.61035076627371
1(N01)	MASZ2	78.48342217030667
1(N01)	1(N58)	78.31862639420974
5(N01)	SZU	78.30104753531691
EN~a	RU	78.27835319701258
2(N14)	SANGA~a	78.15352136041022
EN~a	MUSZEN	78.04642132489401
AN	ME~a	77.94113783459994
1(N14)	MASZ	77.90868855477214
1(N34)	UDU~a	77.84074163913128
3(N01)	NI~a	77.83509489747767
GAL~a	U4	77.6252561685887
3(N01)	AB~a	77.50497585085253
3(N14)	U4	77.42668867148492
BU~a	GAL~a	77.10477032932513
NI~a	RU	76.91941665665738
1(N01)	SIG2~b	76.87142437886466
5(N01)	5(N14)	76.85090705653855
EN~a	GA~a	76.76854014732821
1(N34)	BA	76.70325701149831
2(N01)	DA~a	76.63206030504404
6(N01)	UDU~a	76.62894451908228
5(N01)	BAR	76.56264714291657
2(N14)	SZU	76.46927740070318
2(N34)	3(N14)	76.44049595182348
BAR	EN~a	76.40710140669393
E2~a	U4	76.33665959007926
3(N01)	9(N01)	75.98196295255084
E2~a	SZU	75.93928747856692
SANGA~a	U4	75.70066809460441
1(N14)	NI~a	75.63809125884391
NUN~a	PAP~a	75.45454637880505
2(N01)	GA~a	75.44519542637154
AB~a	AN	75.42572919234237
DU	SAL	75.36124552637332
4(N01)	SANGA~a	75.3250278346536
DU	SZU	75.31514269507657
1(N01)	KASZ~c	75.2825066327662
1(N57)	3(N14)	75.24897499627598
E2~a	GI	75.2215106760009
1(N01)	SILA3~a	75.12525004902123
GA~a	ZATU753	75.11915037993613
1(N14)	TUR	75.10913250138431
BA	SZU	75.0797436436305
3(N01)	HI	74.96198276241607
3(N14)	PAP~a	74.9353295238935
A	SZU	74.92995181951584
2(N14)	BU~a	74.92061574936024
3(N14)	8(N01)	74.80526775108376
A	E2~a	74.7825246145946
GI	SZU	74.7710751472413
3(N01)	TUR	74.75385319879662
4(N01)	5(N14)	74.59869263637522
1(N57)	AN	74.50663401772594
1(N01)	GI6	74.50208871196621
1(N14)	1(N24)	74.47982899067388
1(N34)	AN	74.47958524591694
KUR~a	SAL	74.4124482275383
GAL~a	ME~a	74.29176611531892
5(N01)	A	74.23233055897971
1(N14)	DUG~a	74.22572937477231
HI	NUN~a	74.19864366452438
A	U4	74.18273081399873
1(N24)	2(N01)	74.15488161503599
AN	SZU2	74.04649871682338
2(N01)	TUG2~a	74.03603242274765
1(N14)	1(N45)	73.97547165294323
1(N01)	2(N34)	73.89188056666134
BU~a	SANGA~a	73.72294883804925
2(N14)	NAM2	73.60897895643565
BAR	SAL	73.60845110095953
2(N14)	GAR	73.45929933958394
AB~a	GAL~a	73.42812316175898
4(N01)	DU	73.34092514095262
2(N01)	IB~a	73.15255052357965
1(N57)	3(N57)	73.12882782850167
DU	GI	73.09452556630336
PAP~a	PA~a	72.96153249457046
EN~a	NE~a	72.89012054279024
BU~a	NUN~a	72.86547407944826
3(N57)	A	72.81448504986437
1(N01)	GADA~a	72.72033214504516
1(N14)	DA~a	72.6862957793109
1(N34)	8(N01)	72.6350847436804
A	BA	72.6127240752079
NAM2	SAL	72.46026800821367
1(N14)	MUSZEN	72.3531626606654
BU~a	KI	72.3504562051568
EN~a	RAD~a	72.22902722136553
1(N14)	RU	72.14937017329716
HI	PAP~a	72.08355148394921
KI	SZE~a	72.04107890206339
1(N34)	GI	72.0144831221966
GAL~a	GA~a	71.737049840804
1(N14)	NE~a	71.7228874086652
E2~a	NUN~a	71.71559550192984
2(N01)	ERIM~a	71.66659612993874
2(N01)	GU7	71.65838829641511
1(N01)	UMUN2	71.60208449344273
1(N14)	UD5~a	71.57846757334381
SAG	SZE~a	71.52441560272611
1(N14)	U8	71.48127644135212
5(N01)	SANGA~a	71.44496917539422
3(N14)	AN	71.41739840981296
DU	SANGA~a	71.2802136366285
KI	PAP~a	71.25610322304502
A	NUN~a	71.12694941363432
1(N01)	1(N39~a)	71.07549196292227
BA	E2~a	70.9721754985333
3(N14)	GI	70.92827429295464
6(N01)	U4	70.92369629394089
5(N01)	BU~a	70.87731942239581
DU	KI	70.75931222009012
E2~a	SANGA~a	70.70298986283811
DU	U4	70.66506761789744
1(N14)	SUHUR	70.59483829677336
PAP~a	TUR	70.57994664617763
BU~a	TUR	70.55385064749974
1(N14)	AB2	70.54876039744627
4(N01)	PA~a	70.416376628802
AN	KU6~a	70.38475089349231
KI	U4	70.33869139531028
6(N01)	AN	70.3193151272598
2(N14)	AB~a	70.28566014885901
PA~a	SAL	70.24628285734008
2(N01)	ZATU753	70.21758039049156
1(N57)	NAM2	70.03707785610942
2(N01)	U8	70.02616982917482
1(N58)	BAD~a	70.0
2(N01)	UNUG~a	69.995187965812
EN~a	KISAL~b1	69.97381049191617
1(N01)	NUN~b	69.92543196807104
1(N01)	LAGAB~b	69.9127912251951
BU~a	HI	69.85362085716184
KI	SAL	69.8456610459422
DU	GAL~a	69.83110140984462
PAP~a	SAG	69.73849691934934
DU	E2~a	69.70829846422004
1(N01)	NA~a	69.67548841697891
NUN~a	SZE~a	69.66090507100753
APIN~a	EN~a	69.59211437187972
EN~a	NI~a	69.59032843571859
4(N01)	GAL~a	69.51595668988331
EN~a	GISZ	69.47208944917178
1(N01)	UDUNITA~a	69.45947715508211
5(N01)	ME~a	69.28938198693326
1(N45)	2(N14)	69.21953215927888
1(N01)	ZATU659	69.20133940379331
7(N01)	EN~a	69.1882880660942
2(N01)	2(N34)	69.15943317362012
2(N01)	AB2	69.12345802204747
1(N14)	SZITA~a1	69.11803152213885
GAL~a	PAP~a	69.09906013228527
BA	SAL	69.08387682310415
2(N01)	SU~a	69.03882929962693
1(N57)	BU~a	68.97941330186804
AN	NAM2	68.8138485312211
1(N34)	GAL~a	68.76231515271019
1(N01)	1(N02)	68.69212826546728
5(N01)	KU6~a	68.681081661916
ME~a	SZE~a	68.60851707694705
1(N01)	MAR~a	68.60503367978689
1(N34)	7(N01)	68.5728724995697
2(N01)	UDUNITA~a	68.54175883647017
2(N14)	BAR	68.4389887687158
2(N01)	RAD~a	68.38538988449397
AN	UDU~a	68.2928850682125
3(N14)	7(N01)	68.27626795486327
1(N24)	SZE~a	68.15178641607696
1(N01)	HI@g~a	68.05013244223039
3(N01)	SZUBUR	68.02448266334525
5(N01)	PA~a	68.00204141734159
KAB	NAM2	67.93112777431944
1(N14)	2(N57)	67.8850992298355
GI	KI	67.83908922431077
AN	SZUBUR	67.78302145988158
6(N01)	7(N01)	67.78013483176791
AB~a	GI	67.69773300047687
HI	U4	67.65809425699115
BU~a	SI	67.60932876325954
1(N14)	UDUNITA~a	67.54543760549667
2(N01)	KISAL~b1	67.37796648955347
SANGA~a	SZU	67.37642242335045
HI	SAL	67.3517613762616
1(N14)	GU7	67.1799355699029
EN~a	MUSZ3~a	67.17090764800302
1(N01)	AL	67.16851381980449
5(N01)	DU	67.16716120607335
1(N57)	GI	67.10229109770012
1(N01)	DIN	67.09215984011888
3(N01)	RU	66.97213310420815
1(N14)	TE	66.95933782292133
1(N01)	NAR	66.92913625161418
GAL~a	PA~a	66.91744391933433
3(N01)	TE	66.83505512103173
NAM2	RAD~a	66.67899572087148
4(N14)	6(N01)	66.63703488043721
PA~a	RAD~a	66.59607609885963
1(N24)	1(N39~a)	66.54299316015441
5(N01)	SZU2	66.46591243510882
AN	PA~a	66.35010810849657
3(N01)	MASZ	66.3320943050823
KU6~a	SZE~a	66.29730623574737
1(N01)	MU	66.29083343179843
1(N57)	6(N01)	66.28948400379643
ME~a	SANGA~a	66.2024600571338
1(N57)	SZU	65.93945317611289
2(N14)	DU	65.84808694762249
GAL~a	TE	65.64946577947802
ME~a	SZU	65.5610677704095
E2~a	GAL~a	65.55812880503132
2(N14)	KU6~a	65.55309319024192
BU~a	ME~a	65.47143644000032
1(N57)	E2~a	65.44679951682578
1(N01)	SIG7	65.42164565341955
3(N01)	NE~a	65.36659276179557
7(N01)	UDU~a	65.35475834241538
NE~a	SZE~a	65.26784796000966
1(N01)	TI	65.22802822077075
SI	SZU	65.03440195376695
A	GAL~a	64.99380519086677
2(N01)	GISZ	64.9609019587398
1(N01)	GAN2	64.92272798885402
GI	NUN~a	64.88546082453362
3(N14)	GAL~a	64.82157198500344
4(N01)	SZU2	64.8040625118726
A	SI	64.77600071857016
SZE~a	UDU~a	64.76712330216692
4(N01)	NAM2	64.74872305242552
ME~a	SAL	64.68063405978342
4(N01)	KI	64.65821387019578
3(N14)	SAL	64.65157881020423
2(N01)	GA2~a1	64.63390695994252
1(N57)	SZUBUR	64.54861564953279
1(N01)	KASZ~b	64.52817956832479
BAR	UDU~a	64.51604277538328
A	SANGA~a	64.47958122438605
3(N57)	BA	64.47372876831257
KU6~a	PAP~a	64.47041080630801
BU~a	PA~a	64.41344799054653
1(N14)	RAD~a	64.38975972957189
E2~a	HI	64.28248269282132
2(N01)	2(N57)	64.10603035352061
GAL~a	GI	64.03339871643155
SZU	UDU~a	64.02137551669043
AN	RU	63.95430029749988
5(N01)	SI	63.90052852634615
2(N01)	MA	63.691508815664356
3(N14)	E2~a	63.68818849358069
1(N01)	NAMESZDA	63.67425413826901
5(N01)	NAM2	63.6216361681189
4(N14)	5(N14)	63.52608647313866
5(N01)	AB~a	63.44735778703559
ME~a	PAP~a	63.439912194110505
2(N01)	E2~b	63.43359963464366
1(N14)	GA~a	63.33128650141201
AB~a	SANGA~a	63.27868444807663
8(N01)	EN~a	63.25109204349743
GI	UDU~a	63.20419728654809
1(N08)	2(N01)	63.15020456760498
1(N14)	IB~a	63.119016910486685
SZE~a	TE	62.96321200317476
SAL	TUR	62.84359984122027
BA	NUN~a	62.80830718982878
2(N45)	SZE~a	62.76097316310853
2(N01)	DUG~c	62.73833468035597
3(N57)	SI	62.70185849129506
ME~a	U4	62.701393232598186
1(N01)	NIM~a	62.50888825663057
SI	U4	62.43925684469559
EN~a	GAN2	62.246849080939135
AN	MUSZEN	62.21247010446656
BA	KI	62.1752730072654
3(N01)	SZITA~a1	62.116629225645525
GI	SI	62.11398029571096
NUN~a	SZU	62.10981720273655
MUSZEN	PAP~a	62.08999590817559
A	KI	62.06622797865257
5(N01)	9(N01)	62.03395033487546
1(N14)	MUSZ3~a	61.884540451212345
2(N01)	APIN~a	61.8309251444652
3(N57)	PIRIG~b1	61.815382928490244
2(N14)	9(N01)	61.74512455501072
DU	NUN~a	61.50766491826068
2(N57)	U4	61.474703202886495
NAM2	U4	61.47414694311774
4(N01)	AB~a	61.421029781753454
5(N01)	SAG	61.40966061031895
2(N01)	MASZ2	61.312537038562816
1(N01)	GUG2	61.30456888588499
SAG	SAL	61.25906077771989
AB~a	U4	61.207449804753615
1(N14)	SZUBUR	61.15335920909932
HI	SZE~a	61.09336521058531
3(N01)	MUSZEN	61.08075097152285
E2~a	KI	61.03645107062845
PA~a	U4	60.76771409945423
3(N14)	SZU	60.742588353480855
2(N34)	3(N01)	60.72627403202785
NUN~a	SAL	60.64799655797958
4(N01)	BAR	60.57888871974796
3(N01)	GA~a	60.56729852751759
HI	SZU	60.49710030363952
AN	DA~a	60.44574870079877
2(N14)	SAG	60.392303350955785
4(N01)	9(N01)	60.36073982925315
1(N01)	KISZ	60.290914343125344
3(N14)	PA~a	60.26064904845103
AN	TAK4~a	60.17611877656129
3(N01)	IB~a	60.07717404271236
6(N01)	SAL	59.97635504539372
3(N14)	BU~a	59.937509697455475
2(N14)	HI	59.93058568523229
1(N14)	MASZ2	59.825563146315154
SANGA~a	TE	59.78549266877225
1(N14)	SU~a	59.57821510605946
GI	SANGA~a	59.560867708613166
2(N34)	5(N01)	59.53139844651551
NE~a	U4	59.48155828975768
GI	PA~a	59.444537040908656
A	ME~a	59.43913161913861
BU~a	KU6~a	59.42925809236067
3(N14)	A	59.396933090386966
4(N14)	8(N01)	59.32306402938417
EN~a	URU~a1	59.28678859751735
A	PA~a	59.24051857132071
8(N01)	BA	59.21606837902345
EN~a	SU~a	59.16399006560257
E2~a	SI	59.087153175792785
6(N01)	GI	59.0493663283951
AB~a	E2~a	59.04433184855094
4(N14)	U4	58.88993632944675
3(N01)	KUR~a	58.866913852966164
GA~a	SANGA~a	58.85390661767676
3(N57)	NAM2	58.8027475908514
3(N57)	HI	58.791986116454055
1(N14)	APIN~a	58.78087272816518
1(N01)	ZI~a	58.76018561579955
4(N01)	KU6~a	58.68826481472959
1(N57)	HI	58.63798973887631
KI	SZU	58.60011869471785
AB~a	ME~a	58.59355059225747
BA	BU~a	58.56447143274474
GU7	SZE~a	58.519875880481855
2(N57)	EN~a	58.44822901677911
2(N01)	TAK4~a	58.43458436027265
1(N14)	KISAL~b1	58.411248512777476
DA~a	EN~a	58.387969648794325
BA	DU	58.310183426864846
SAL	UDU~a	58.303436040694585
EN~a	KUR~a	58.1035146009273
1(N24)	3(N01)	58.022629476800155
SZU	TUR	58.00204923851351
NAM2	NUN~a	57.99938417927448
5(N01)	GAR	57.906504407634436
GAL~a	TUR	57.85800782196861
1(N01)	SZA3~a1	57.843948632588756
AB~a	SAL	57.761561175625765
SAG	SZU	57.67275777134851
3(N01)	UD5~a	57.650092476208165
1(N14)	3(N34)	57.5561206084441
AN	NI~a	57.52024626367405
AN	TE	57.50698545145227
EN~a	UNUG~a	57.47205902149782
1(N58)	EN~a	57.463615197389
NAM2	SANGA~a	57.43065841278146
2(N14)	ME~a	57.42677012877401
2(N14)	SZU2	57.35807458103293
E2~a	ME~a	57.35191814972693
2(N14)	KI	57.34540036510953
EN~a	GA2~a1	57.334496304490585
BU~a	TE	57.299296082703506
1(N39~a)	SZE~a	57.27963549695013
1(N01)	2(N39~a)	57.113322661361714
1(N34)	SZU	56.959367284155576
6(N01)	GAL~a	56.86125968206153
3(N57)	NUN~a	56.85603762048077
BA	PA~a	56.79004923471185
EN~a	TUG2~a	56.77927818847417
3(N57)	TUR	56.749950077511855
2(N01)	NUNUZ~a1	56.74391692763517
AB~a	BU~a	56.666519983857036
8(N01)	UDU~a	56.62205218416522
AN	TUR	56.577957328331976
1(N01)	ZATU752	56.52295541454002
3(N57)	GAL~a	56.5142572341197
GI	SAG	56.47543490011658
BA	GAL~a	56.376049490539664
BA	NAM2	56.36607955856688
1(N01)	URI3~a	56.35589013412593
2(N14)	SI	56.33726401914803
1(N01)	ZATU737	56.20717184713666
1(N01)	UR2	56.17504157255936
1(N45)	3(N01)	56.1073928295639
2(N01)	HI@g~a	56.03414493980004
1(N24)	2(N39~a)	56.03011695558313
1(N14)	KUR~a	56.01229078637144
1(N34)	9(N01)	55.9730011766112
1(N01)	LAGAB~a	55.955059675189005
1(N34)	PAP~a	55.95397810146571
MUSZ3~a	NUN~a	55.92635159833506
1(N45)	5(N14)	55.92552497126915
DI	NAM2	55.90130358502174
1(N39~a)	2(N01)	55.889341353685786
GAL~a	IB~a	55.867586857661344
BA	SANGA~a	55.86204319185136
KU6~a	SZU	55.861678326627725
3(N01)	DA~a	55.84592503540537
BA	BAR	55.75085261202692
5(N01)	SZITA~a1	55.70651798579657
1(N57)	DUG~c	55.57591627803803
PA~a	UDU~a	55.42007101812165
KU6~a	SAL	55.418669389079774
GAL~a	SAG	55.384456123035385
DI	GAL~a	55.29538084788877
5(N01)	HI	55.271769812589525
KI	SANGA~a	55.26343549620124
U8	UDUNITA~a	55.25600749882255
DUG~a	EN~a	55.199137139671265
A	UDU~a	55.17625285254102
2(N01)	MU	55.145567943996895
BU~a	SZUBUR	55.12609265743395
4(N01)	NI~a	55.10836468238575
3(N57)	AB~a	55.050554968245194
3(N14)	DU	55.01955816522206
1(N34)	SANGA~a	54.9930414204391
ME~a	NUN~a	54.980420287961024
3(N57)	KI	54.96976632872182
GI	HI	54.915105544461646
SZE~a	SZUBUR	54.90366033932888
3(N14)	ME~a	54.799148344898754
4(N14)	7(N01)	54.79824169426082
2(N01)	NAGA~a	54.795227946934595
PAP~a	TE	54.746630481727195
4(N01)	SI	54.741570137903054
1(N01)	U2~a	54.44725948132341
4(N01)	SAG	54.404584534615566
2(N01)	PIRIG~b1	54.39904200175813
1(N14)	GA2~a1	54.32940133445265
1(N14)	GISZ	54.32260074691018
1(N01)	TUN3~a	54.25539095396248
A	NI~a	54.208054158856626
EN~a	NAGA~a	54.17038394850279
5(N01)	TUR	54.04936127447718
2(N01)	NA~a	54.03858320451987
1(N34)	GAR	54.02790169828383
4(N01)	HI	54.01544822459479
1(N45)	EN~a	53.99105663108497
1(N14)	HI@g~a	53.96717023097946
SAG	U4	53.955702029694926
GAL~a	KI	53.94552013177282
A	NAM2	53.93217409103109
KI	SI	53.91916781729117
1(N14)	LAGAB~b	53.85625435929194
1(N45)	3(N14)	53.84121809363867
3(N57)	KU6~a	53.84085550321227
GU7	U4	53.811295804632664
GAL~a	SUKKAL	53.801092902669616
1(N01)	LA2	53.7945591546249
MASZ2	UD5~a	53.792674788036585
2(N01)	KU3~a	53.75582189941176
4(N01)	ME~a	53.75294818718923
4(N14)	BA	53.75152227577199
AN	NE~a	53.70965027450164
BU~a	UDU~a	53.6745810644347
NI~a	SZE~a	53.66662908337479
4(N14)	AN	53.51738244061159
2(N34)	4(N14)	53.50745328251856
3(N57)	PA~a	53.48589881813041
3(N14)	SANGA~a	53.46111904551483
2(N01)	U2~b	53.44984061238103
DU	SAG	53.399579915954774
1(N01)	HASZHUR	53.3803692696103
AN	GA~a	53.37616368716705
1(N34)	SAL	53.33416100424065
7(N01)	BA	53.32140885675675
2(N14)	NI~a	53.2888121695018
1(N34)	E2~a	53.283192512120486
EN~a	TAK4~a	53.25839999411053
ERIN	GAL~a	53.23855539967685
3(N57)	SU~a	53.2270385349687
NAM2	SZU	53.20326689604686
2(N14)	TUR	53.20220104768089
1(N34)	BU~a	53.18699496818487
1(N01)	IM~a	53.18605458073805
A	SAG	53.17825393248264
NUN~a	SAG	53.17209355917536
3(N01)	U8	53.16493183592052
1(N57)	8(N01)	53.1595083505006
PA~a	SZU	53.12865697456084
3(N57)	UDU~a	53.11678358186622
APIN~a	SZE~a	53.11088863531095
4(N14)	UDU~a	53.07923327123636
1(N01)	GIR3~c	53.02214847749823
U8	UD5~a	53.00676978270408
3(N01)	GAR	52.99421814765034
5(N01)	U8	52.953733829198775
BU~a	MUSZEN	52.906404932777335
3(N14)	3(N57)	52.878062240698945
A	HI	52.87221173215197
AB~a	SZU	52.84554993225306
2(N34)	4(N01)	52.83530520061389
1(N57)	A	52.82990927704883
6(N01)	SZE~a	52.8018719296655
NE~a	PAP~a	52.73872195264832
TUR	U4	52.71385073022499
E2~a	SAG	52.67765281920273
2(N01)	LAGAB~b	52.65338498824656
EN~a	U2~b	52.56909820464514
1(N08)	1(N14)	52.53717329171491
ME~a	SI	52.53501654054529
AB~a	PA~a	52.53491904851198
SAG	SANGA~a	52.52820182642877
IB~a	SANGA~a	52.47847000327545
AB~a	NUN~a	52.466892634921045
3(N01)	E2~b	52.353860578954055
GAR	SZE~a	52.324072964627476
KU6~a	U4	52.19668608993364
2(N01)	KASZ~c	52.062514093880175
7(N01)	8(N01)	52.05264809405756
BU~a	SAG	52.04484646553271
2(N01)	NUN~b	52.04384271928404
3(N01)	TUG2~a	52.04309049560087
5(N01)	KI	52.00674276677201
5(N14)	6(N01)	51.98985449227096
2(N39~a)	SZE~a	51.972586279374646
1(N01)	UTUA~a	51.92165416728613
1(N14)	TUG2~a	51.91777104522777
2(N01)	GAN2	51.91356018793502
8(N01)	U4	51.901714511082815
BA	SAG	51.89381173913772
2(N01)	SUHUR	51.8776828413935
3(N57)	MUSZEN	51.866973778104004
1(N57)	4(N14)	51.82182942970789
SANGA~a	SI	51.81334894683693
KISAL~b1	SZE~a	51.803882019504414
GAL~a	UDU~a	51.73011092171633
